target,run_id,n_features,features
ktb_10y,L12W_F2W_R63d_T0bp_S0.0,80,"z252_ktb_5y,z252_ktb_10y,d20_yh_dxy,z60_us_ig_oas_xl,lvl_usdkrw,z60_ktb_30y,vol20_ktb_5y,vol20_ktb_10y,d20_tedrate,z252_ktb_3y,ret20_usdkrw,ret20_kospi,kr_price_cpi_total_mom,z252_us_spr_10_30,z60_sp_corp_bbb_3y,fgn_kospi,z60_yh_gold,z60_tedrate,fgn_kospi_cum20,d60_ktb_1y,z252_ktb_20y,z60_usdkrw,ret20_eurkrw,cd_base_spread,d60_bfly_3_5_10 ..."
ktb_30y,L12W_F2W_R63d_T0bp_S0.0,80,"d60_slope_10y3y,z252_us_spr_2_10,d20_yh_dxy,vol20_ktb_5y,z60_sp_corp_aa_3y,d20_dxy_broad,z60_vol_kospi,ret20_jpykrw,z252_ktb_3y,slope_30y5y,z60_yh_dxy,d60_slope_30y5y,vol20_ktb_10y,z252_us_spr_10_30,z60_dxy_broad,d20_us_spr_5_30,slope_30y10y,z252_ktb_10y,z252_cd_base_spread,z252_us_spr_5_30,z252_ktb_1y,z252_ktb_30y,z60_usdkrw,d5_yh_gold,d20_us_spr_10_30 ..."
ktb_3y,L12W_F2W_R63d_T0bp_S0.0,80,"d60_ktb_1y,ret20_usdkrw,z60_sp_corp_bbb_3y,z60_brent,z60_sp_indfin_1y,z60_kospi,d20_usdkrw_range,lvl_usdkrw,z60_eurkrw,z60_cd_91d,lvl_brent,kr_sent_csi_total_lvl,z252_cd_base_spread,d20_brent,fgn_kospi_cum20,ret20_kospi,z60_sp_kepco_5y,z60_us_ffr,z252_ktb_1y,z60_slope_30y5y,d5_bfly_3_5_10,vol20_ktb_10y,d60_slope_30y10y,vol20_ktb_5y,sp_kepco_5y ..."
ktb_5y,L12W_F2W_R63d_T0bp_S0.0,80,"d60_ktb_3y,vol20_ktb_3y,lvl_us_ig_oas_xl,ret20_eurkrw,lvl_usdkrw,z252_cd_base_spread,z60_us_ig_oas_xl,ret20_kospi,vol20_ktb_5y,z60_yh_dxy,z252_ktb_20y,z60_cd_91d,z60_us_bei_5y5y,z252_ktb_5y,d20_dxy_broad,z252_us_spr_5_30,z60_cd_base_spread,d20_sp_kepco_5y,z60_us_ffr,d20_ktb_1y,slope_30y5y,z252_ktb_10y,d5_slope_30y5y,d20_brent,d20_yh_gold ..."
spread_aa_3y,L12W_F2W_R63d_T0bp_S0.0,80,"z60_sp_corp_aa_3y,d20_usdkrw_range,z60_kospi,lvl_us_ig_oas_xl,z60_cd_base_spread,z60_slope_10y3y,z252_cd_base_spread,ret20_kospi,ret20_eurkrw,z60_sp_corp_bbb_3y,d20_sp_corp_aa_3y,z60_sp_kepco_5y,z60_us_spr_10_30,vol20_ktb_3y,ret20_jpykrw,d20_yh_gold,d20_sp_corp_bbb_3y,d20_us_bei_5y5y,z60_ktb_1y,fgn_kospi_cum20,vol20_kospi,sp_kepco_5y,d20_sp_kepco_5y,z60_dxy_broad,d5_yh_gold ..."
spread_bbb_3y,L12W_F2W_R63d_T0bp_S0.0,80,"lvl_dxy_broad,z60_sp_corp_aa_3y,fgn_kospi_cum20,z60_ktb_1y,z60_sp_indfin_1y,z60_eurkrw,z60_ktb_3y,sp_indfin_1y,lvl_jpykrw,vol20_kospi,lvl_yh_dxy,d20_usdkrw_range,d20_bfly_3_5_10,d20_ktb_1y,d20_sp_indfin_1y,d5_us_10y2y,lvl_wti,d20_sp_kepco_5y,z252_cd_base_spread,kr_growth_ip_total_lvl,z60_sp_corp_bbb_3y,z60_usdkrw,z60_us_bei_5y5y,d20_wti,z60_yh_gold ..."
spread_kepco_5y,L12W_F2W_R63d_T0bp_S0.0,80,"z60_sp_corp_bbb_3y,ret20_kospi,z60_kospi,z60_sp_indfin_1y,ret20_jpykrw,vol20_ktb_3y,z252_bfly_3_5_10,kr_growth_cli_lead_mom,z60_slope_10y3y,lvl_usdkrw,d20_us_bei_10y,d20_slope_10y3y,sp_kepco_5y,z60_yh_dxy,vol20_kospi,d20_sp_corp_aa_3y,ret20_eurkrw,z60_bfly_3_5_10,z60_usdkrw,d60_ktb3y_base_spread,d20_sp_corp_bbb_3y,ret20_usdkrw,fgn_kospi_cum20,d5_yh_dxy,z60_tedrate ..."
spread_ktb_10_30,L12W_F2W_R63d_T0bp_S0.0,80,"z252_slope_30y10y,d20_us_spr_5_30,z60_sp_indfin_1y,z252_cd_base_spread,d60_slope_30y5y,z252_cd_91d,d60_slope_30y10y,d20_sp_corp_bbb_3y,z60_sp500,z60_cd_91d,z252_slope_30y5y,vol20_ktb_10y,d20_sp_indfin_1y,z60_cd_base_spread,d5_vixcls,ret20_eurkrw,z60_sp_corp_bbb_3y,vol20_kospi,d20_sp_corp_aa_3y,d5_us_2y,d5_us_real_10y,lvl_yh_gold,slope_10y3y,d20_us_spr_10_30,vol20_ktb_3y ..."
spread_ktb_3_10,L12W_F2W_R63d_T0bp_S0.0,80,"d60_slope_10y3y,z252_slope_10y3y,fgn_kospi_cum20,z60_slope_10y3y,vol20_ktb_10y,z60_sp_kepco_5y,d20_us_real_10y,lvl_wti,d20_us_5y,vol20_kospi,slope_30y10y,lvl_tedrate,z60_us_ig_oas_xl,z60_sp_indfin_1y,d20_slope_10y3y,d5_slope_30y5y,d20_slope_30y5y,d20_ktb3y_base_spread,z60_cd_91d,z60_usdkrw,z60_us_bei_5y5y,z252_cd_91d,z60_sp_corp_bbb_3y,d20_sp_indfin_1y,d60_ktb3y_base_spread ..."
spread_ktb_5_30,L12W_F2W_R63d_T0bp_S0.0,285,"lvl_ktb_1y,lvl_ktb_3y,lvl_ktb_5y,lvl_ktb_10y,lvl_ktb_20y,lvl_ktb_30y,lvl_cd_91d,slope_10y2y,slope_30y10y,slope_30y5y,slope_10y3y,bfly_3_5_10,ktb3y_base_spread,cd_base_spread,d5_ktb_1y,d20_ktb_1y,d60_ktb_1y,z20_ktb_1y,z60_ktb_1y,z252_ktb_1y,d5_ktb_3y,d20_ktb_3y,d60_ktb_3y,z20_ktb_3y,z60_ktb_3y ..."
us_10y_xl,L12W_F2W_R63d_T0bp_S0.0,80,"z60_sp_corp_aa_3y,kr_growth_ip_total_mom,lvl_us_ig_oas_xl,z252_cd_91d,z252_cd_base_spread,d20_sp_corp_aa_3y,z60_us_ig_oas_xl,d20_usdkrw_range,z60_us_spr_2_10,z60_cd_91d,lvl_wti,z60_slope_10y3y,vol20_ktb_5y,d20_us_spr_10_30,d20_yh_gold,z252_slope_30y10y,lvl_us_2y,lvl_us_5y,z60_sp500,z60_eurkrw,kr_growth_cli_lead_mom,z60_us_5y,z60_yh_gold,z60_sp_kepco_5y,vol20_ktb_10y ..."
us_ig_oas_xl,L12W_F2W_R63d_T0bp_S0.0,80,"z60_dxy_broad,fgn_kospi_cum20,vol20_kospi,lvl_us_ig_oas_xl,d20_wti,lvl_vixcls,d20_ktb_1y,z60_sp_corp_aa_3y,z60_sp_indfin_1y,d20_us_ig_oas_xl,d20_sp_corp_bbb_3y,z252_cd_base_spread,z60_sp_corp_bbb_3y,d60_ktb3y_base_spread,sp_corp_bbb_3y,kr_growth_ip_total_mom,z60_ktb_10y,ret1_sp500,d5_us_bei_5y5y,d20_us_bei_5y5y,z252_bfly_3_5_10,lvl_wti,z60_yh_dxy,d5_us_real_10y,z60_brent ..."
us_spr_10_30,L12W_F2W_R63d_T0bp_S0.0,80,"z252_bfly_3_5_10,d20_brent,d20_us_spr_5_30,vol20_ktb_5y,z60_sp_kepco_5y,fgn_kospi_z60,ret20_usdkrw,kr_growth_ip_total_mom,z252_us_spr_5_30,d20_sp_corp_bbb_3y,d5_bfly_3_5_10,vol20_ktb_3y,d20_yh_gold,z60_us_ffr,lvl_vixcls,d5_wti,z60_usdkrw,z60_eurkrw,vol20_ktb_10y,z60_jpykrw,d60_bfly_3_5_10,z60_cd_base_spread,z60_tedrate,z60_sp500,d20_sp_indfin_1y ..."
us_spr_2_10,L12W_F2W_R63d_T0bp_S0.0,80,"d20_brent,d20_slope_10y3y,z60_sp_corp_aa_3y,z252_cd_91d,lvl_brent,z60_us_5y,d60_ktb_30y,z60_us_spr_10_30,z60_yh_dxy,d60_ktb_20y,d20_sp_corp_aa_3y,lvl_us_ig_oas_xl,z60_us_ffr,z60_sp_indfin_1y,d60_ktb_10y,d20_us_2y,lvl_tedrate,ret20_jpykrw,z60_eurkrw,z60_brent,z252_us_spr_10_30,vol20_ktb_3y,sp_corp_aa_3y,z60_us_30y,d20_vixcls ..."
us_spr_5_30,L12W_F2W_R63d_T0bp_S0.0,80,"d20_sp_indfin_1y,z60_us_ig_oas_xl,z60_sp_corp_bbb_3y,ret20_usdkrw,d20_brent,fgn_kospi_cum20,z60_yh_gold,z60_dxy_broad,d5_yh_dxy,ret20_kospi,z60_sp_indfin_1y,z60_eurkrw,z60_sp_kepco_5y,z60_us_bei_5y5y,vol20_kospi,vol20_ktb_10y,z60_cd_base_spread,z60_usdkrw,kr_growth_ip_total_mom,d5_bfly_3_5_10,d60_bfly_3_5_10,z252_us_spr_10_30,d20_slope_10y3y,lvl_usdkrw,d20_usdkrw_range ..."
ktb_10y,L12W_F2W_R63d_T10bp_S0.0,80,"vol20_ktb_10y,vol20_ktb_5y,z252_us_spr_10_30,z252_ktb_3y,d20_us_spr_5_30,z60_sp_corp_bbb_3y,z60_us_ffr,z60_yh_dxy,kr_price_ppi_total_yoy,z60_ktb_30y,ret20_usdkrw,z60_ktb_5y,cd_base_spread,d20_dxy_broad,d20_yh_dxy,z60_sp500,z252_ktb_5y,z252_ktb_10y,d20_slope_10y3y,vol20_ktb_3y,d20_us_bei_10y,z60_yh_gold,us_indpro_yoy,d5_ktb_10y,ret20_eurkrw ..."
ktb_30y,L12W_F2W_R63d_T10bp_S0.0,80,"d20_us_spr_5_30,z60_vol_kospi,d20_dxy_broad,vol20_ktb_10y,vol20_ktb_5y,z252_cd_base_spread,d20_slope_30y5y,d20_us_spr_10_30,lvl_us_10y,d20_wti,z60_ktb_20y,z60_yh_dxy,d60_slope_10y3y,slope_30y5y,d20_brent,lvl_us_spr_10_30,d5_yh_dxy,z252_cd_91d,fgn_kospi,slope_10y3y,kr_price_cpi_total_yoy,z60_sp_corp_bbb_3y,kr_sent_csi_total_lvl,us_unrate_yoy,d5_us_spr_10_30 ..."
ktb_3y,L12W_F2W_R63d_T10bp_S0.0,80,"d60_ktb_1y,z60_ktb_10y,z60_usdkrw,vol20_ktb_10y,lvl_usdkrw,lvl_wti,d20_brent,ret20_usdkrw,vol20_ktb_5y,d20_wti,z60_brent,kr_price_imp_price_mom,ret20_kospi,kr_growth_ip_total_yoy,kr_sent_csi_total_mom,z60_slope_10y3y,d20_usdkrw_range,z60_kospi,fgn_kospi,d5_bfly_3_5_10,d5_us_10y2y,z252_ktb_1y,z60_ktb_20y,z60_sp_corp_bbb_3y,z60_dxy_broad ..."
ktb_5y,L12W_F2W_R63d_T10bp_S0.0,80,"vol20_ktb_3y,z252_us_spr_10_30,d60_ktb_3y,ret20_eurkrw,z252_slope_10y3y,z60_ktb_5y,kr_price_ppi_total_yoy,d20_ktb_5y,z60_us_ffr,ret20_kospi,d20_dxy_broad,d60_ktb_1y,z60_usdkrw,z60_ktb_3y,d60_ktb_5y,d20_us_30y,lvl_us_ig_oas_xl,ret1_usdkrw,us_cpi_yoy,z60_ktb_1y,z252_us_spr_5_30,z60_eurkrw,z60_kospi,d20_bfly_3_5_10,vol20_ktb_5y ..."
spread_ktb_3_10,L12W_F2W_R63d_T10bp_S0.0,285,"lvl_ktb_1y,lvl_ktb_3y,lvl_ktb_5y,lvl_ktb_10y,lvl_ktb_20y,lvl_ktb_30y,lvl_cd_91d,slope_10y2y,slope_30y10y,slope_30y5y,slope_10y3y,bfly_3_5_10,ktb3y_base_spread,cd_base_spread,d5_ktb_1y,d20_ktb_1y,d60_ktb_1y,z20_ktb_1y,z60_ktb_1y,z252_ktb_1y,d5_ktb_3y,d20_ktb_3y,d60_ktb_3y,z20_ktb_3y,z60_ktb_3y ..."
spread_ktb_5_30,L12W_F2W_R63d_T10bp_S0.0,285,"lvl_ktb_1y,lvl_ktb_3y,lvl_ktb_5y,lvl_ktb_10y,lvl_ktb_20y,lvl_ktb_30y,lvl_cd_91d,slope_10y2y,slope_30y10y,slope_30y5y,slope_10y3y,bfly_3_5_10,ktb3y_base_spread,cd_base_spread,d5_ktb_1y,d20_ktb_1y,d60_ktb_1y,z20_ktb_1y,z60_ktb_1y,z252_ktb_1y,d5_ktb_3y,d20_ktb_3y,d60_ktb_3y,z20_ktb_3y,z60_ktb_3y ..."
us_10y_xl,L12W_F2W_R63d_T10bp_S0.0,80,"z60_sp_corp_aa_3y,kr_growth_ip_total_mom,kr_growth_cli_lead_mom,z60_cd_91d,d20_us_spr_10_30,d20_us_5y,d20_yh_gold,z252_cd_91d,z60_eurkrw,kr_growth_ip_total_yoy,lvl_us_2y,z60_us_spr_2_10,z252_slope_10y3y,d20_sp_corp_aa_3y,z60_tedrate,z60_slope_10y3y,z60_us_30y,z60_us_spr_10_30,z60_bfly_3_5_10,sp_corp_bbb_3y,z60_us_ig_oas_xl,z60_sp500,d20_slope_10y3y,z252_cd_base_spread,z60_us_ffr ..."
us_ig_oas_xl,L12W_F2W_R63d_T10bp_S0.0,80,"z60_brent,lvl_brent,vol20_ktb_10y,d20_bfly_3_5_10,d20_sp_kepco_5y,z60_dxy_broad,z60_sp_corp_bbb_3y,lvl_tedrate,d20_wti,d20_brent,d20_us_10y_xl,z60_slope_10y3y,d5_slope_10y3y,ret20_kospi,z60_slope_30y10y,z60_bfly_3_5_10,d20_tedrate,vol20_kospi,lvl_cd_91d,d20_us_10y3m,z60_yh_gold,z60_sp500,d20_sp_indfin_1y,d20_us_ig_oas_xl,z252_ktb_1y ..."
us_spr_10_30,L12W_F2W_R63d_T10bp_S0.0,285,"lvl_ktb_1y,lvl_ktb_3y,lvl_ktb_5y,lvl_ktb_10y,lvl_ktb_20y,lvl_ktb_30y,lvl_cd_91d,slope_10y2y,slope_30y10y,slope_30y5y,slope_10y3y,bfly_3_5_10,ktb3y_base_spread,cd_base_spread,d5_ktb_1y,d20_ktb_1y,d60_ktb_1y,z20_ktb_1y,z60_ktb_1y,z252_ktb_1y,d5_ktb_3y,d20_ktb_3y,d60_ktb_3y,z20_ktb_3y,z60_ktb_3y ..."
us_spr_2_10,L12W_F2W_R63d_T10bp_S0.0,80,"z60_kospi,d20_us_bei_5y5y,d20_us_2y,ret20_jpykrw,z60_tedrate,d60_ktb_20y,lvl_vixcls,z252_ktb3y_base_spread,d20_slope_10y3y,d20_brent,d60_slope_10y3y,z60_sp_indfin_1y,d5_yh_gold,d60_ktb_10y,d5_ktb_1y,vol20_ktb_3y,d5_brent,d20_vixcls,d20_yh_dxy,kr_growth_ip_total_lvl,z60_cd_91d,z252_cd_91d,z60_us_5y,z60_yh_gold,kr_sent_csi_total_mom ..."
us_spr_5_30,L12W_F2W_R63d_T10bp_S0.0,80,"fgn_kospi_cum20,z252_bfly_3_5_10,z60_sp_corp_bbb_3y,us_cpi_core_yoy,d20_yh_dxy,d20_dxy_broad,ret20_usdkrw,z60_dxy_broad,z60_sp_indfin_1y,z60_slope_10y3y,kr_price_cpi_total_mom,d20_yh_gold,vol20_ktb_10y,z60_us_bei_5y5y,z60_yh_dxy,ret20_eurkrw,d20_sp_indfin_1y,d5_bfly_3_5_10,d20_us_spr_10_30,z252_cd_base_spread,d5_yh_dxy,z60_ktb_20y,d20_sp_kepco_5y,z252_ktb_1y,d5_slope_10y3y ..."
ktb_10y,L12W_F4W_R63d_T0bp_S0.0,80,"z252_ktb_10y,vol20_ktb_5y,d60_ktb_20y,d20_usdkrw_range,z252_ktb_5y,z252_cd_base_spread,z252_ktb_20y,d60_ktb_30y,z60_sp_kepco_5y,z252_ktb_1y,z60_sp_corp_aa_3y,z60_ktb_30y,z60_sp_indfin_1y,ret20_usdkrw,kr_price_cpi_total_mom,vol20_ktb_3y,kr_price_ppi_total_mom,us_indpro_lvl,d60_cd_base_spread,z60_dxy_broad,lvl_vixcls,z60_cd_base_spread,d20_yh_gold,d60_ktb_10y,z60_sp_corp_bbb_3y ..."
ktb_30y,L12W_F4W_R63d_T0bp_S0.0,80,"vol20_ktb_3y,z252_cd_base_spread,d60_ktb_30y,d20_usdkrw_range,sp_corp_aa_3y,d60_slope_10y3y,z60_dxy_broad,z60_sp_corp_aa_3y,z60_yh_dxy,slope_10y3y,slope_30y5y,d20_slope_30y5y,sp_kepco_5y,z252_us_spr_10_30,us_cpi_yoy,z252_ktb_3y,z60_wti,fgn_kospi_cum20,z60_brent,z252_us_spr_2_10,lvl_us_spr_10_30,ret20_jpykrw,kr_sent_csi_total_lvl,d60_bfly_3_5_10,z60_sp_kepco_5y ..."
ktb_3y,L12W_F4W_R63d_T0bp_S0.0,80,"d60_ktb_1y,z252_ktb_1y,z252_cd_base_spread,lvl_usdkrw,z60_sp_corp_bbb_3y,z60_brent,z60_sp_kepco_5y,z60_us_bei_10y,z60_cd_base_spread,d60_ktb_3y,z60_cd_91d,d20_sp_corp_aa_3y,d20_us_ig_oas_xl,d20_wti,z252_ktb_10y,z60_us_ig_oas_xl,z60_kospi,d60_cd_91d,lvl_us_real_10y,z252_ktb3y_base_spread,z252_us_spr_2_10,d60_ktb3y_base_spread,z60_sp_indfin_1y,d20_sp_kepco_5y,z60_ktb3y_base_spread ..."
ktb_5y,L12W_F4W_R63d_T0bp_S0.0,80,"d60_ktb_3y,lvl_usdkrw,z60_ktb_1y,lvl_us_ig_oas_xl,vol20_ktb_5y,d20_yh_gold,z60_ktb_3y,sp_kepco_5y,z252_cd_base_spread,ret20_eurkrw,us_indpro_lvl,lvl_us_real_10y,d60_ktb_20y,d60_ktb_30y,z252_us_spr_2_10,fgn_kospi_cum20,sp_indfin_1y,z252_slope_10y3y,kr_growth_cli_lead_mom,sp_corp_aa_3y,z60_us_ig_oas_xl,z60_us_bei_5y5y,z60_yh_gold,z60_sp_corp_aa_3y,d20_yh_dxy ..."
spread_aa_3y,L12W_F4W_R63d_T0bp_S0.0,80,"d20_usdkrw_range,z60_cd_base_spread,z60_kospi,ret20_kospi,ret20_eurkrw,lvl_us_ig_oas_xl,z60_jpykrw,z60_sp_corp_aa_3y,z60_yh_gold,z60_us_bei_10y,d20_yh_dxy,d20_sp_corp_aa_3y,d20_brent,z60_slope_30y10y,vol20_ktb_10y,fgn_kospi_cum20,z60_bfly_3_5_10,kr_growth_ip_total_yoy,d20_dxy_broad,sp_indfin_1y,z60_sp_corp_bbb_3y,z60_sp_indfin_1y,ret1_sp500,kr_growth_ip_total_mom,sp_kepco_5y ..."
spread_bbb_3y,L12W_F4W_R63d_T0bp_S0.0,80,"z60_sp_corp_aa_3y,z252_cd_base_spread,fgn_kospi_cum20,lvl_jpykrw,lvl_dxy_broad,lvl_yh_dxy,d60_cd_91d,ret20_usdkrw,d20_usdkrw_range,lvl_wti,d20_us_ig_oas_xl,z60_sp_corp_bbb_3y,ret20_kospi,vol20_ktb_3y,z60_usdkrw,kr_growth_ip_total_lvl,d60_ktb_1y,z60_ktb_20y,z60_sp_indfin_1y,z252_us_spr_5_30,usdkrw_range,lvl_brent,z60_tedrate,z60_yh_gold,z60_ktb_1y ..."
spread_kepco_5y,L12W_F4W_R63d_T0bp_S0.0,80,"z60_sp_corp_bbb_3y,fgn_kospi_cum20,vol20_ktb_3y,vol20_kospi,d20_usdkrw_range,z60_cd_base_spread,ret20_jpykrw,ret20_kospi,z60_wti,vol20_ktb_5y,lvl_yh_gold,z60_cd_91d,d20_sp_corp_bbb_3y,kr_price_cpi_total_lvl,z252_cd_base_spread,sp_kepco_5y,d20_sp_corp_aa_3y,vol20_ktb_10y,z60_brent,z60_bfly_3_5_10,z60_eurkrw,z60_us_bei_5y5y,kr_growth_cli_lead_mom,z60_us_ffr,z60_vixcls ..."
spread_ktb_10_30,L12W_F4W_R63d_T0bp_S0.0,80,"d60_slope_30y5y,d60_slope_30y10y,lvl_us_ig_oas_xl,z252_cd_91d,kr_sent_csi_total_yoy,d20_yh_gold,z252_slope_30y10y,z60_us_ffr,d20_us_spr_5_30,sp_kepco_5y,z252_slope_30y5y,d20_sp_corp_aa_3y,vol20_ktb_3y,z60_kospi,z60_slope_30y5y,d20_slope_30y5y,z60_bfly_3_5_10,z252_ktb_5y,z60_sp_kepco_5y,z60_dxy_broad,z60_wti,d20_brent,z252_cd_base_spread,sp_corp_aa_3y,d5_yh_dxy ..."
spread_ktb_3_10,L12W_F4W_R63d_T0bp_S0.0,80,"d60_slope_10y3y,z252_slope_10y3y,vol20_kospi,fgn_kospi_cum20,vol20_ktb_10y,lvl_usdkrw,slope_10y3y,lvl_yh_dxy,kr_growth_cli_lead_mom,z252_cd_91d,z252_us_spr_5_30,sp_corp_aa_3y,z60_cd_91d,z252_cd_base_spread,d20_sp_corp_bbb_3y,z252_bfly_3_5_10,d60_ktb_1y,z60_slope_10y3y,z60_sp_indfin_1y,z60_us_ig_oas_xl,z60_usdkrw,kr_sent_csi_total_mom,d60_bfly_3_5_10,z60_us_bei_5y5y,z60_us_spr_10_30 ..."
spread_ktb_5_30,L12W_F4W_R63d_T0bp_S0.0,285,"lvl_ktb_1y,lvl_ktb_3y,lvl_ktb_5y,lvl_ktb_10y,lvl_ktb_20y,lvl_ktb_30y,lvl_cd_91d,slope_10y2y,slope_30y10y,slope_30y5y,slope_10y3y,bfly_3_5_10,ktb3y_base_spread,cd_base_spread,d5_ktb_1y,d20_ktb_1y,d60_ktb_1y,z20_ktb_1y,z60_ktb_1y,z252_ktb_1y,d5_ktb_3y,d20_ktb_3y,d60_ktb_3y,z20_ktb_3y,z60_ktb_3y ..."
us_10y_xl,L12W_F4W_R63d_T0bp_S0.0,80,"lvl_us_ig_oas_xl,kr_growth_ip_total_mom,z60_us_ffr,z60_sp_corp_aa_3y,z252_ktb_1y,z60_cd_base_spread,z60_us_spr_10_30,d60_ktb_20y,lvl_us_bei_5y5y,kr_sent_csi_total_mom,vol20_ktb_3y,lvl_us_5y,vol20_kospi,z60_us_ig_oas_xl,d60_bfly_3_5_10,z252_cd_base_spread,d20_bfly_3_5_10,z252_slope_10y3y,sp_kepco_5y,d20_sp_corp_bbb_3y,lvl_usdkrw,z60_ktb_1y,kr_growth_cli_lead_mom,z60_sp_corp_bbb_3y,z60_jpykrw ..."
us_ig_oas_xl,L12W_F4W_R63d_T0bp_S0.0,80,"lvl_us_ig_oas_xl,sp_corp_bbb_3y,z60_sp_indfin_1y,z252_ktb_30y,z60_sp_corp_aa_3y,d60_cd_base_spread,ret20_kospi,d20_us_ig_oas_xl,z252_cd_base_spread,z60_sp_corp_bbb_3y,d20_usdkrw_range,d20_ktb_1y,lvl_vixcls,d20_wti,vol20_kospi,z60_us_ffr,kr_price_cpi_total_mom,z60_tedrate,z60_us_ig_oas_xl,ktb3y_base_spread,z252_cd_91d,lvl_yh_sp500,lvl_usdkrw,lvl_brent,d20_brent ..."
us_spr_10_30,L12W_F4W_R63d_T0bp_S0.0,80,"d20_bfly_3_5_10,d60_ktb3y_base_spread,z60_yh_gold,vol20_ktb_10y,z60_brent,d60_bfly_3_5_10,d20_sp_kepco_5y,lvl_wti,vol20_ktb_5y,d20_slope_30y5y,z60_dxy_broad,lvl_us_spr_10_30,d20_brent,z252_us_spr_10_30,vol20_ktb_3y,z60_jpykrw,z60_us_bei_10y,z60_cd_base_spread,lvl_usdkrw,lvl_cnykrw,sp_kepco_5y,d20_us_bei_5y5y,z60_usdkrw,ret20_usdkrw,kr_growth_cli_lead_mom ..."
us_spr_2_10,L12W_F4W_R63d_T0bp_S0.0,80,"z60_wti,lvl_us_ig_oas_xl,kr_sent_csi_total_mom,d60_ktb_20y,z60_kospi,d60_slope_10y3y,z60_us_10y,z60_yh_gold,z60_sp_corp_bbb_3y,z60_sp_indfin_1y,z60_us_spr_10_30,z252_us_spr_2_10,vol20_ktb_3y,d20_brent,d60_cd_base_spread,sp_kepco_5y,z60_sp_corp_aa_3y,sp_indfin_1y,lvl_us_real_10y,lvl_us_2y,z60_us_bei_10y,z252_cd_91d,vol20_kospi,z60_us_ffr,d60_ktb3y_base_spread ..."
us_spr_5_30,L12W_F4W_R63d_T0bp_S0.0,80,"d20_usdkrw_range,z252_us_spr_10_30,vol20_ktb_5y,z60_us_bei_10y,d20_dxy_broad,z60_us_ffr,z60_eurkrw,d60_bfly_3_5_10,ret20_usdkrw,z60_us_spr_10_30,vol20_ktb_10y,d60_ktb3y_base_spread,z60_us_ig_oas_xl,z60_wti,d20_brent,z60_cd_base_spread,z60_sp_kepco_5y,z60_cd_91d,d20_us_spr_5_30,z60_yh_dxy,ret20_jpykrw,z60_sp_corp_bbb_3y,z252_cd_91d,d5_yh_dxy,ret20_kospi ..."
ktb_10y,L12W_F4W_R63d_T10bp_S0.0,80,"d20_usdkrw_range,z60_ktb_30y,z252_cd_base_spread,d20_us_spr_5_30,vol20_ktb_3y,z252_ktb_5y,d60_cd_base_spread,us_indpro_lvl,d20_us_spr_10_30,z252_ktb_20y,z60_sp_corp_aa_3y,d5_dxy_broad,vol20_kospi,z252_ktb_3y,z60_dxy_broad,d60_ktb_20y,z252_us_spr_10_30,vol20_ktb_5y,z60_sp_indfin_1y,sp_corp_bbb_3y,d60_ktb_5y,d60_ktb_10y,us_indpro_yoy,lvl_vixcls,d5_brent ..."
ktb_30y,L12W_F4W_R63d_T10bp_S0.0,80,"vol20_ktb_3y,d60_ktb_30y,z60_sp_corp_aa_3y,z252_cd_base_spread,slope_10y3y,us_indpro_yoy,d60_slope_30y5y,vol20_ktb_5y,us_unrate_yoy,d5_ktb_30y,d60_slope_10y3y,kr_sent_csi_total_lvl,us_cpi_yoy,ktb3y_base_spread,slope_30y5y,lvl_us_5y,kr_growth_ip_total_yoy,lvl_us_10y,z60_usdkrw,ret20_jpykrw,sp_corp_aa_3y,d20_usdkrw_range,z252_slope_30y10y,z252_us_spr_10_30,lvl_usdkrw ..."
ktb_3y,L12W_F4W_R63d_T10bp_S0.0,80,"d60_ktb_1y,d20_dxy_broad,z60_wti,z252_ktb_3y,z60_cd_91d,z60_brent,z252_ktb_1y,ret20_eurkrw,d60_ktb_3y,z60_ktb3y_base_spread,ret20_usdkrw,d20_cd_base_spread,z60_eurkrw,vol20_ktb_10y,d20_brent,lvl_brent,d20_yh_gold,kr_price_cpi_total_mom,z60_kospi,d20_wti,z60_ktb_5y,z252_cd_base_spread,z60_us_ig_oas_xl,z252_bfly_3_5_10,d20_us_real_10y ..."
ktb_5y,L12W_F4W_R63d_T10bp_S0.0,80,"us_indpro_lvl,d60_ktb_3y,d60_bfly_3_5_10,z60_sp_corp_aa_3y,z252_us_spr_2_10,lvl_us_real_10y,sp_kepco_5y,vol20_ktb_3y,d20_yh_gold,lvl_usdkrw,z60_ktb_1y,z60_sp_kepco_5y,lvl_wti,z60_yh_gold,z60_ktb_3y,z252_ktb3y_base_spread,ret20_jpykrw,ret20_eurkrw,kr_price_cpi_total_lvl,kr_growth_ip_total_mom,z60_cd_91d,z60_sp_indfin_1y,z60_us_bei_5y5y,fgn_kospi_cum20,kr_price_cpi_total_mom ..."
spread_aa_3y,L12W_F4W_R63d_T10bp_S0.0,285,"lvl_ktb_1y,lvl_ktb_3y,lvl_ktb_5y,lvl_ktb_10y,lvl_ktb_20y,lvl_ktb_30y,lvl_cd_91d,slope_10y2y,slope_30y10y,slope_30y5y,slope_10y3y,bfly_3_5_10,ktb3y_base_spread,cd_base_spread,d5_ktb_1y,d20_ktb_1y,d60_ktb_1y,z20_ktb_1y,z60_ktb_1y,z252_ktb_1y,d5_ktb_3y,d20_ktb_3y,d60_ktb_3y,z20_ktb_3y,z60_ktb_3y ..."
spread_bbb_3y,L12W_F4W_R63d_T10bp_S0.0,285,"lvl_ktb_1y,lvl_ktb_3y,lvl_ktb_5y,lvl_ktb_10y,lvl_ktb_20y,lvl_ktb_30y,lvl_cd_91d,slope_10y2y,slope_30y10y,slope_30y5y,slope_10y3y,bfly_3_5_10,ktb3y_base_spread,cd_base_spread,d5_ktb_1y,d20_ktb_1y,d60_ktb_1y,z20_ktb_1y,z60_ktb_1y,z252_ktb_1y,d5_ktb_3y,d20_ktb_3y,d60_ktb_3y,z20_ktb_3y,z60_ktb_3y ..."
spread_ktb_10_30,L12W_F4W_R63d_T10bp_S0.0,285,"lvl_ktb_1y,lvl_ktb_3y,lvl_ktb_5y,lvl_ktb_10y,lvl_ktb_20y,lvl_ktb_30y,lvl_cd_91d,slope_10y2y,slope_30y10y,slope_30y5y,slope_10y3y,bfly_3_5_10,ktb3y_base_spread,cd_base_spread,d5_ktb_1y,d20_ktb_1y,d60_ktb_1y,z20_ktb_1y,z60_ktb_1y,z252_ktb_1y,d5_ktb_3y,d20_ktb_3y,d60_ktb_3y,z20_ktb_3y,z60_ktb_3y ..."
spread_ktb_3_10,L12W_F4W_R63d_T10bp_S0.0,80,"d60_slope_10y3y,vol20_kospi,d20_bfly_3_5_10,fgn_kospi_cum20,d20_slope_10y3y,d60_cd_91d,d5_slope_30y5y,lvl_wti,z252_slope_10y3y,z60_cd_base_spread,vol20_ktb_10y,lvl_us_bei_10y,lvl_vixcls,z252_ktb_1y,z60_us_ffr,d5_wti,kr_price_imp_price_lvl,slope_10y3y,d5_us_bei_10y,z60_yh_dxy,kr_growth_cli_lead_mom,kr_sent_csi_total_lvl,us_cpi_core_yoy,z60_cd_91d,vol20_ktb_3y ..."
spread_ktb_5_30,L12W_F4W_R63d_T10bp_S0.0,285,"lvl_ktb_1y,lvl_ktb_3y,lvl_ktb_5y,lvl_ktb_10y,lvl_ktb_20y,lvl_ktb_30y,lvl_cd_91d,slope_10y2y,slope_30y10y,slope_30y5y,slope_10y3y,bfly_3_5_10,ktb3y_base_spread,cd_base_spread,d5_ktb_1y,d20_ktb_1y,d60_ktb_1y,z20_ktb_1y,z60_ktb_1y,z252_ktb_1y,d5_ktb_3y,d20_ktb_3y,d60_ktb_3y,z20_ktb_3y,z60_ktb_3y ..."
us_10y_xl,L12W_F4W_R63d_T10bp_S0.0,80,"z60_us_ig_oas_xl,vol20_kospi,kr_growth_cli_lead_mom,z60_cd_base_spread,d60_bfly_3_5_10,z60_us_ffr,kr_growth_ip_total_mom,z252_cd_base_spread,kr_sent_csi_total_mom,d60_cd_base_spread,z252_us_spr_10_30,z60_eurkrw,d20_sp_corp_bbb_3y,z252_ktb_1y,z252_us_spr_2_10,ret20_jpykrw,z60_us_real_10y,z60_dxy_broad,z60_sp_corp_aa_3y,vol20_ktb_3y,z60_brent,z60_tedrate,d20_slope_10y3y,z60_sp_corp_bbb_3y,lvl_us_ig_oas_xl ..."
us_ig_oas_xl,L12W_F4W_R63d_T10bp_S0.0,80,"d20_slope_10y3y,z252_cd_base_spread,z60_sp_corp_bbb_3y,ktb3y_base_spread,d20_sp_kepco_5y,ret20_kospi,us_cpi_core_yoy,d20_usdkrw_range,vol20_kospi,z60_slope_10y3y,d20_yh_dxy,kr_growth_ip_total_mom,z252_ktb3y_base_spread,lvl_yh_sp500,z60_yh_gold,slope_10y3y,z252_cd_91d,z60_sp_corp_aa_3y,z60_us_ffr,z60_us_bei_10y,vol20_ktb_5y,z60_us_2y,lvl_vixcls,kr_price_ppi_total_mom,us_payems_yoy ..."
us_spr_10_30,L12W_F4W_R63d_T10bp_S0.0,80,"z252_us_spr_10_30,d20_yh_dxy,d20_sp_kepco_5y,us_pce_core_yoy,z60_bfly_3_5_10,z60_sp_corp_bbb_3y,z60_jpykrw,z60_us_real_10y,vol20_ktb_3y,z60_us_2y,z60_vixcls,d20_slope_10y3y,vol20_kospi,d60_ktb_1y,d5_bfly_3_5_10,d20_us_bei_5y5y,z60_tedrate,d20_us_real_10y,z60_dxy_broad,lvl_wti,z60_brent,z60_yh_dxy,kr_growth_ip_total_mom,sp_kepco_5y,z60_us_spr_5_30 ..."
us_spr_2_10,L12W_F4W_R63d_T10bp_S0.0,80,"z60_kospi,z60_wti,d60_slope_10y3y,kr_sent_csi_total_mom,vol20_ktb_3y,lvl_us_2y,lvl_us_ig_oas_xl,z60_us_30y,z60_us_bei_10y,z60_sp_corp_bbb_3y,d60_ktb3y_base_spread,kr_growth_ip_total_mom,d20_usdkrw_range,d60_ktb_20y,lvl_wti,z252_us_spr_2_10,kr_growth_ip_total_lvl,kr_sent_csi_total_lvl,lvl_us_real_10y,lvl_us_5y,z60_us_5y,z60_vol_kospi,fgn_kospi_cum20,d20_sp_indfin_1y,z60_vixcls ..."
us_spr_5_30,L12W_F4W_R63d_T10bp_S0.0,80,"d20_usdkrw_range,z60_us_bei_10y,z60_eurkrw,d60_bfly_3_5_10,z60_sp_corp_bbb_3y,z60_slope_10y3y,d20_dxy_broad,ret20_usdkrw,us_indpro_yoy,z60_dxy_broad,z252_us_spr_10_30,z60_us_ffr,z60_yh_dxy,vol20_ktb_5y,z60_sp_kepco_5y,z60_wti,d20_tedrate,z60_tedrate,z60_brent,z252_cd_base_spread,d20_sp_kepco_5y,kr_price_cpi_total_mom,z60_ktb_20y,d60_ktb3y_base_spread,z60_cd_base_spread ..."
ktb_10y,L20W_F2W_R63d_T0bp_S0.0,80,"z252_ktb_10y,z252_slope_10y3y,fgn_kospi_cum20,z252_ktb_30y,lvl_us_spr_10_30,z60_us_ffr,z60_sp_kepco_5y,z60_ktb_10y,z60_ktb_20y,sp_kepco_5y,z60_tedrate,d60_ktb3y_base_spread,z60_bfly_3_5_10,vol20_ktb_10y,z60_sp_corp_aa_3y,ktb3y_base_spread,z60_usdkrw,d20_ktb_20y,z60_vol_kospi,lvl_yh_gold,d20_yh_gold,d5_ktb_10y,d20_slope_10y3y,lvl_usdkrw,z60_cd_base_spread ..."
ktb_30y,L20W_F2W_R63d_T0bp_S0.0,80,"z252_ktb_30y,lvl_us_spr_10_30,z60_tedrate,z60_sp_corp_bbb_3y,z252_slope_10y3y,z60_jpykrw,d60_ktb_1y,d5_yh_dxy,z252_us_spr_2_10,z60_usdkrw,d20_slope_30y10y,d20_sp_kepco_5y,d20_yh_gold,z252_ktb_20y,z252_cd_base_spread,d20_us_ig_oas_xl,vol20_kospi,d20_ktb_1y,d20_ktb_10y,lvl_eurkrw,d20_slope_10y3y,d20_us_spr_10_30,fgn_kospi_cum20,ktb3y_base_spread,z60_slope_30y10y ..."
ktb_3y,L20W_F2W_R63d_T0bp_S0.0,80,"z252_ktb_5y,z60_us_ig_oas_xl,d20_ktb_1y,d20_tedrate,z252_cd_91d,kr_sent_csi_total_mom,vol20_kospi,d20_sp_indfin_1y,z60_us_ffr,z252_ktb_10y,d20_sp_corp_aa_3y,z252_us_spr_5_30,z60_tedrate,bfly_3_5_10,z60_slope_10y3y,d5_bfly_3_5_10,d60_ktb_20y,z60_dxy_broad,d5_wti,z252_us_spr_10_30,z252_cd_base_spread,z60_yh_dxy,d20_bfly_3_5_10,d20_sp_kepco_5y,d5_yh_dxy ..."
ktb_5y,L20W_F2W_R63d_T0bp_S0.0,80,"z252_ktb_10y,z60_sp_corp_aa_3y,d20_yh_gold,z60_sp_indfin_1y,ret20_kospi,vol20_kospi,d20_bfly_3_5_10,z252_ktb_5y,z60_cd_base_spread,sp_kepco_5y,z60_sp_kepco_5y,z60_us_bei_10y,z60_slope_10y3y,z60_sp_corp_bbb_3y,d20_usdkrw_range,fgn_kospi_cum20,z60_dxy_broad,z60_usdkrw,z60_eurkrw,d60_slope_30y10y,z60_us_ig_oas_xl,d5_us_real_10y,lvl_us_ig_oas_xl,z60_slope_30y10y,z60_yh_dxy ..."
spread_aa_3y,L20W_F2W_R63d_T0bp_S0.0,285,"lvl_ktb_1y,lvl_ktb_3y,lvl_ktb_5y,lvl_ktb_10y,lvl_ktb_20y,lvl_ktb_30y,lvl_cd_91d,slope_10y2y,slope_30y10y,slope_30y5y,slope_10y3y,bfly_3_5_10,ktb3y_base_spread,cd_base_spread,d5_ktb_1y,d20_ktb_1y,d60_ktb_1y,z20_ktb_1y,z60_ktb_1y,z252_ktb_1y,d5_ktb_3y,d20_ktb_3y,d60_ktb_3y,z20_ktb_3y,z60_ktb_3y ..."
spread_bbb_3y,L20W_F2W_R63d_T0bp_S0.0,80,"fgn_kospi_cum20,lvl_dxy_broad,d20_usdkrw_range,d60_ktb_1y,d60_cd_91d,kr_price_imp_price_lvl,z60_bfly_3_5_10,d20_us_bei_5y5y,vol20_ktb_10y,d20_yh_gold,lvl_ktb_1y,lvl_ktb_10y,kr_growth_cli_lead_mom,z60_us_2y,z252_cd_91d,d20_wti,lvl_yh_sp500,sp_indfin_1y,d20_slope_10y3y,z60_ktb3y_base_spread,ret20_kospi,z60_sp_corp_aa_3y,ret20_usdkrw,lvl_brent,z60_us_ig_oas_xl ..."
spread_kepco_5y,L20W_F2W_R63d_T0bp_S0.0,80,"kr_price_cpi_total_mom,d20_us_bei_5y5y,lvl_wti,sp_indfin_1y,us_unrate_yoy,d20_slope_10y3y,d20_usdkrw_range,sp_kepco_5y,z60_wti,d20_yh_dxy,z60_us_spr_10_30,vol20_kospi,z60_yh_gold,lvl_yh_gold,d20_yh_gold,d20_sp_corp_aa_3y,fgn_kospi_cum20,sp_corp_aa_3y,z252_ktb_1y,d20_dxy_broad,z60_cd_91d,d20_ktb_10y,z60_sp500,vol20_ktb_10y,z60_sp_indfin_1y ..."
spread_ktb_10_30,L20W_F2W_R63d_T0bp_S0.0,80,"d60_ktb_1y,z60_sp_indfin_1y,lvl_jpykrw,z60_dxy_broad,d20_brent,z60_slope_30y10y,z60_sp_kepco_5y,z60_yh_dxy,z60_us_ig_oas_xl,d20_sp_indfin_1y,z60_us_2y,z252_ktb3y_base_spread,z60_kospi,fgn_kospi_cum20,z60_vol_kospi,z252_cd_base_spread,sp_indfin_1y,z60_eurkrw,kr_price_imp_price_yoy,vol20_kospi,z60_us_ffr,z60_brent,d20_sp_corp_aa_3y,d5_yh_dxy,d20_yh_dxy ..."
spread_ktb_3_10,L20W_F2W_R63d_T0bp_S0.0,80,"z252_slope_10y3y,ktb3y_base_spread,d60_slope_10y3y,d60_bfly_3_5_10,vol20_ktb_3y,d20_wti,z60_us_real_10y,z252_cd_base_spread,z252_ktb3y_base_spread,z60_us_ffr,z252_ktb_20y,usdkrw_range,z60_tedrate,d20_usdkrw_range,d20_yh_gold,z60_cd_base_spread,z60_cd_91d,d20_sp_indfin_1y,z60_yh_gold,z60_eurkrw,z60_ktb_20y,z60_slope_10y3y,z252_us_spr_10_30,d20_us_ig_oas_xl,d60_slope_30y10y ..."
spread_ktb_5_30,L20W_F2W_R63d_T0bp_S0.0,285,"lvl_ktb_1y,lvl_ktb_3y,lvl_ktb_5y,lvl_ktb_10y,lvl_ktb_20y,lvl_ktb_30y,lvl_cd_91d,slope_10y2y,slope_30y10y,slope_30y5y,slope_10y3y,bfly_3_5_10,ktb3y_base_spread,cd_base_spread,d5_ktb_1y,d20_ktb_1y,d60_ktb_1y,z20_ktb_1y,z60_ktb_1y,z252_ktb_1y,d5_ktb_3y,d20_ktb_3y,d60_ktb_3y,z20_ktb_3y,z60_ktb_3y ..."
us_10y_xl,L20W_F2W_R63d_T0bp_S0.0,285,"lvl_ktb_1y,lvl_ktb_3y,lvl_ktb_5y,lvl_ktb_10y,lvl_ktb_20y,lvl_ktb_30y,lvl_cd_91d,slope_10y2y,slope_30y10y,slope_30y5y,slope_10y3y,bfly_3_5_10,ktb3y_base_spread,cd_base_spread,d5_ktb_1y,d20_ktb_1y,d60_ktb_1y,z20_ktb_1y,z60_ktb_1y,z252_ktb_1y,d5_ktb_3y,d20_ktb_3y,d60_ktb_3y,z20_ktb_3y,z60_ktb_3y ..."
us_ig_oas_xl,L20W_F2W_R63d_T0bp_S0.0,80,"z252_ktb_5y,z252_us_spr_10_30,d20_sp_corp_bbb_3y,z60_yh_gold,d20_us_2y,d20_slope_10y3y,fgn_kospi_cum20,vol20_kospi,d20_sp_corp_aa_3y,z60_wti,z60_us_spr_10_30,z60_cd_base_spread,sp_kepco_5y,d20_sp_kepco_5y,z60_tedrate,lvl_eurkrw,d20_bfly_3_5_10,sp_corp_aa_3y,z60_slope_10y3y,lvl_vixcls,ret20_jpykrw,lvl_dxy_broad,d20_vixcls,d60_ktb3y_base_spread,z60_us_2y ..."
us_spr_10_30,L20W_F2W_R63d_T0bp_S0.0,80,"z252_us_spr_10_30,z60_sp_indfin_1y,z60_kospi,kr_growth_ip_total_mom,d20_vixcls,z252_slope_30y10y,z60_sp_kepco_5y,d5_slope_10y3y,d20_us_spr_5_30,vol20_ktb_3y,d20_sp_indfin_1y,d5_brent,z60_us_ig_oas_xl,d20_yh_dxy,d20_slope_30y5y,z60_yh_gold,d5_bfly_3_5_10,z60_us_2y,z60_tedrate,z60_cd_91d,lvl_us_real_10y,z60_jpykrw,ret20_kospi,vol20_ktb_10y,z60_cd_base_spread ..."
us_spr_2_10,L20W_F2W_R63d_T0bp_S0.0,80,"z252_us_spr_2_10,z60_us_ffr,z60_us_ig_oas_xl,d20_sp_corp_aa_3y,d5_brent,ret1_sp500,z60_sp_corp_aa_3y,z60_sp_corp_bbb_3y,d20_us_spr_10_30,z60_tedrate,kr_price_ppi_total_mom,d60_ktb_3y,sp_corp_aa_3y,d20_brent,d20_usdkrw_range,us_unrate_yoy,z252_slope_10y3y,z60_sp500,kr_price_imp_price_mom,z60_us_bei_5y5y,d20_wti,kr_price_cpi_total_mom,z252_ktb_10y,z60_ktb_20y,z252_cd_base_spread ..."
us_spr_5_30,L20W_F2W_R63d_T0bp_S0.0,80,"z252_us_spr_5_30,z252_us_spr_10_30,z60_sp_indfin_1y,d20_us_bei_5y5y,z60_us_spr_10_30,lvl_us_2y,z60_sp_corp_aa_3y,z60_kospi,d20_ktb_20y,z60_usdkrw,lvl_us_spr_5_30,z60_us_bei_5y5y,z252_cd_base_spread,z60_eurkrw,lvl_us_spr_10_30,z60_vixcls,lvl_brent,d20_yh_dxy,d20_us_spr_10_30,z60_yh_gold,z60_us_5y,lvl_yh_dxy,z252_slope_30y10y,bfly_3_5_10,z60_cd_base_spread ..."
ktb_10y,L20W_F2W_R63d_T10bp_S0.0,80,"z252_ktb_10y,z252_ktb_30y,z60_sp_corp_aa_3y,z252_slope_10y3y,d20_ktb_20y,z60_tedrate,vol20_ktb_10y,z252_us_spr_2_10,kr_sent_csi_total_mom,lvl_us_spr_10_30,z60_bfly_3_5_10,d20_yh_gold,z60_us_ig_oas_xl,vol20_kospi,z60_us_ffr,fgn_kospi_cum20,z60_cd_base_spread,sp_kepco_5y,ktb3y_base_spread,z60_yh_gold,z252_ktb_5y,z60_sp_corp_bbb_3y,z60_us_bei_10y,ret20_kospi,z252_ktb_20y ..."
ktb_30y,L20W_F2W_R63d_T10bp_S0.0,80,"z252_ktb_30y,z60_sp_corp_bbb_3y,d20_yh_gold,d20_us_ig_oas_xl,z252_ktb_20y,z60_tedrate,z60_us_spr_5_30,z60_us_ig_oas_xl,lvl_us_spr_10_30,d5_yh_dxy,z252_us_spr_2_10,ret1_jpykrw,z60_us_bei_5y5y,bfly_3_5_10,z252_us_spr_10_30,z60_sp500,d20_bfly_3_5_10,lvl_jpykrw,z60_bfly_3_5_10,z60_sp_corp_aa_3y,d5_wti,z60_yh_dxy,kr_growth_cli_lead_yoy,d20_sp_corp_aa_3y,d5_dxy_broad ..."
ktb_3y,L20W_F2W_R63d_T10bp_S0.0,80,"z252_ktb_5y,z252_ktb_3y,d20_sp_indfin_1y,z252_cd_base_spread,lvl_us_bei_10y,kr_sent_csi_total_mom,d5_yh_dxy,z60_cd_base_spread,kr_price_cpi_total_mom,z60_ktb_1y,vol20_ktb_10y,z252_ktb_10y,z60_sp500,lvl_usdkrw,kr_price_ppi_total_mom,z60_us_spr_5_30,z60_yh_dxy,kr_growth_ip_total_mom,d60_ktb_1y,d60_bfly_3_5_10,d20_ktb3y_base_spread,d5_us_spr_10_30,lvl_yh_sp500,fgn_kospi_cum20,kr_growth_ip_total_yoy ..."
ktb_5y,L20W_F2W_R63d_T10bp_S0.0,80,"z252_ktb_10y,z60_sp_corp_aa_3y,kr_growth_cli_lead_yoy,z60_cd_base_spread,z60_eurkrw,z252_ktb_5y,z60_vol_kospi,z60_sp_indfin_1y,d60_ktb_5y,lvl_us_bei_5y5y,z60_slope_10y3y,z252_us_spr_10_30,d20_yh_gold,z252_ktb_3y,z60_sp_kepco_5y,z252_ktb_20y,z60_us_ffr,z60_dxy_broad,d20_yh_dxy,z60_usdkrw,d5_yh_gold,ret20_usdkrw,kr_growth_ip_total_yoy,kr_price_ppi_total_mom,us_pce_core_yoy ..."
spread_ktb_3_10,L20W_F2W_R63d_T10bp_S0.0,285,"lvl_ktb_1y,lvl_ktb_3y,lvl_ktb_5y,lvl_ktb_10y,lvl_ktb_20y,lvl_ktb_30y,lvl_cd_91d,slope_10y2y,slope_30y10y,slope_30y5y,slope_10y3y,bfly_3_5_10,ktb3y_base_spread,cd_base_spread,d5_ktb_1y,d20_ktb_1y,d60_ktb_1y,z20_ktb_1y,z60_ktb_1y,z252_ktb_1y,d5_ktb_3y,d20_ktb_3y,d60_ktb_3y,z20_ktb_3y,z60_ktb_3y ..."
spread_ktb_5_30,L20W_F2W_R63d_T10bp_S0.0,285,"lvl_ktb_1y,lvl_ktb_3y,lvl_ktb_5y,lvl_ktb_10y,lvl_ktb_20y,lvl_ktb_30y,lvl_cd_91d,slope_10y2y,slope_30y10y,slope_30y5y,slope_10y3y,bfly_3_5_10,ktb3y_base_spread,cd_base_spread,d5_ktb_1y,d20_ktb_1y,d60_ktb_1y,z20_ktb_1y,z60_ktb_1y,z252_ktb_1y,d5_ktb_3y,d20_ktb_3y,d60_ktb_3y,z20_ktb_3y,z60_ktb_3y ..."
us_10y_xl,L20W_F2W_R63d_T10bp_S0.0,285,"lvl_ktb_1y,lvl_ktb_3y,lvl_ktb_5y,lvl_ktb_10y,lvl_ktb_20y,lvl_ktb_30y,lvl_cd_91d,slope_10y2y,slope_30y10y,slope_30y5y,slope_10y3y,bfly_3_5_10,ktb3y_base_spread,cd_base_spread,d5_ktb_1y,d20_ktb_1y,d60_ktb_1y,z20_ktb_1y,z60_ktb_1y,z252_ktb_1y,d5_ktb_3y,d20_ktb_3y,d60_ktb_3y,z20_ktb_3y,z60_ktb_3y ..."
us_ig_oas_xl,L20W_F2W_R63d_T10bp_S0.0,80,"d60_ktb_20y,z60_usdkrw,d20_us_spr_10_30,z60_us_spr_10_30,d20_us_ig_oas_xl,z60_us_real_10y,z60_us_ig_oas_xl,z252_ktb_5y,d20_ktb_1y,d20_sp_corp_aa_3y,d20_us_real_10y,z60_us_spr_2_10,ret1_kospi,ret1_usdkrw,ret1_eurkrw,d5_bfly_3_5_10,z60_us_2y,z60_us_10y2y,z60_yh_gold,vol20_ktb_10y,z252_us_spr_10_30,d5_us_bei_10y,kr_growth_ip_total_mom,d60_ktb3y_base_spread,z60_sp_indfin_1y ..."
us_spr_10_30,L20W_F2W_R63d_T10bp_S0.0,285,"lvl_ktb_1y,lvl_ktb_3y,lvl_ktb_5y,lvl_ktb_10y,lvl_ktb_20y,lvl_ktb_30y,lvl_cd_91d,slope_10y2y,slope_30y10y,slope_30y5y,slope_10y3y,bfly_3_5_10,ktb3y_base_spread,cd_base_spread,d5_ktb_1y,d20_ktb_1y,d60_ktb_1y,z20_ktb_1y,z60_ktb_1y,z252_ktb_1y,d5_ktb_3y,d20_ktb_3y,d60_ktb_3y,z20_ktb_3y,z60_ktb_3y ..."
us_spr_2_10,L20W_F2W_R63d_T10bp_S0.0,80,"z252_us_spr_2_10,us_unrate_yoy,z60_us_ffr,z60_yh_gold,z60_us_ig_oas_xl,d5_dxy_broad,d20_sp_corp_aa_3y,kr_price_ppi_total_mom,kr_price_imp_price_mom,d5_brent,slope_10y3y,ret20_kospi,z60_us_spr_10_30,z60_us_bei_10y,d5_yh_dxy,ret20_jpykrw,kr_price_cpi_total_mom,z60_ktb_20y,kr_growth_cli_lead_yoy,d5_ktb_3y,d20_us_10y3m,z252_bfly_3_5_10,z60_us_30y,ret20_eurkrw,d20_us_bei_5y5y ..."
us_spr_5_30,L20W_F2W_R63d_T10bp_S0.0,80,"z252_us_spr_5_30,z60_us_bei_5y5y,d20_vixcls,z60_sp_indfin_1y,z60_us_spr_10_30,z252_cd_base_spread,d60_cd_base_spread,z60_us_ig_oas_xl,z252_slope_30y5y,z252_us_spr_10_30,z60_tedrate,kr_price_cpi_total_mom,kr_sent_csi_total_mom,d5_ktb3y_base_spread,d20_us_real_10y,d20_usdkrw_range,kr_growth_cli_lead_yoy,z60_ktb_10y,z60_dxy_broad,z252_us_spr_2_10,d5_yh_gold,d60_ktb_3y,z60_eurkrw,z60_yh_gold,ret20_usdkrw ..."
ktb_10y,L20W_F4W_R63d_T0bp_S0.0,80,"z60_sp_corp_aa_3y,z252_ktb_10y,z60_tedrate,z252_ktb_30y,fgn_kospi_cum20,sp_kepco_5y,z252_us_spr_2_10,kr_sent_csi_total_mom,vol20_ktb_10y,z252_slope_10y3y,z252_cd_base_spread,z252_ktb_5y,lvl_us_spr_10_30,d5_yh_gold,z252_ktb_20y,z60_sp_kepco_5y,z60_us_bei_10y,z60_ktb_20y,d20_cd_base_spread,d20_wti,z60_us_ig_oas_xl,z60_kospi,d60_cd_base_spread,z60_dxy_broad,z60_yh_gold ..."
ktb_30y,L20W_F4W_R63d_T0bp_S0.0,80,"z252_us_spr_2_10,z60_tedrate,z252_ktb_30y,sp_kepco_5y,lvl_us_spr_10_30,z60_us_ig_oas_xl,z252_cd_base_spread,d20_wti,z60_sp_corp_aa_3y,z252_ktb_20y,z60_sp_corp_bbb_3y,fgn_kospi_cum20,d5_yh_gold,us_cpi_yoy,z252_ktb_5y,lvl_eurkrw,d20_sp_kepco_5y,z60_sp_kepco_5y,z252_ktb_10y,z60_us_bei_10y,z60_usdkrw,z60_kospi,d20_sp_corp_aa_3y,z60_cd_91d,kr_growth_cli_lead_yoy ..."
ktb_3y,L20W_F4W_R63d_T0bp_S0.0,80,"vol20_kospi,z60_cd_91d,vol20_ktb_10y,z252_ktb_5y,kr_growth_ip_total_mom,z252_ktb_10y,z252_cd_91d,z252_us_spr_10_30,z60_sp500,kr_price_imp_price_mom,z252_ktb_3y,vol20_ktb_3y,z60_us_ig_oas_xl,lvl_usdkrw,d60_ktb_1y,fgn_kospi_cum20,kr_growth_cli_lead_mom,d60_ktb_3y,z60_yh_dxy,bfly_3_5_10,d20_slope_10y3y,kr_price_cpi_total_mom,z252_cd_base_spread,z60_tedrate,lvl_wti ..."
ktb_5y,L20W_F4W_R63d_T0bp_S0.0,80,"z252_ktb_10y,z60_sp_corp_aa_3y,z60_sp_kepco_5y,sp_kepco_5y,vol20_kospi,z60_sp_indfin_1y,z252_cd_base_spread,z60_cd_91d,d20_sp_kepco_5y,z252_ktb_5y,kr_growth_cli_lead_yoy,kr_sent_csi_total_mom,lvl_us_spr_10_30,d60_cd_base_spread,z60_yh_gold,z60_cd_base_spread,z60_usdkrw,z60_sp_corp_bbb_3y,z60_sp500,d20_usdkrw_range,d20_cd_base_spread,z252_cd_91d,lvl_yh_gold,cd_base_spread,ret20_kospi ..."
spread_aa_3y,L20W_F4W_R63d_T0bp_S0.0,285,"lvl_ktb_1y,lvl_ktb_3y,lvl_ktb_5y,lvl_ktb_10y,lvl_ktb_20y,lvl_ktb_30y,lvl_cd_91d,slope_10y2y,slope_30y10y,slope_30y5y,slope_10y3y,bfly_3_5_10,ktb3y_base_spread,cd_base_spread,d5_ktb_1y,d20_ktb_1y,d60_ktb_1y,z20_ktb_1y,z60_ktb_1y,z252_ktb_1y,d5_ktb_3y,d20_ktb_3y,d60_ktb_3y,z20_ktb_3y,z60_ktb_3y ..."
spread_bbb_3y,L20W_F4W_R63d_T0bp_S0.0,80,"kr_growth_cli_lead_mom,us_ism_mfg_lvl,d20_slope_10y3y,lvl_brent,lvl_usdkrw,sp_corp_aa_3y,fgn_kospi_cum20,z252_cd_base_spread,z60_cd_91d,z60_sp_indfin_1y,z60_tedrate,d60_ktb3y_base_spread,ret20_eurkrw,lvl_us_2y,d5_dxy_broad,d60_cd_91d,lvl_ktb_1y,vol20_ktb_10y,ret20_kospi,d20_us_bei_5y5y,vol20_ktb_3y,d20_sp_kepco_5y,z60_sp_kepco_5y,z252_us_spr_5_30,z60_us_spr_10_30 ..."
spread_kepco_5y,L20W_F4W_R63d_T0bp_S0.0,80,"sp_kepco_5y,lvl_wti,d20_sp_corp_aa_3y,kr_price_cpi_total_mom,z60_brent,z60_wti,d20_usdkrw_range,sp_corp_bbb_3y,kr_sent_csi_total_yoy,z252_us_spr_5_30,ret20_jpykrw,z60_tedrate,z60_us_spr_10_30,lvl_ktb_30y,d20_yh_dxy,d20_sp_kepco_5y,z252_cd_base_spread,z60_yh_gold,d20_ktb_3y,z60_ktb_30y,d20_sp_indfin_1y,z60_us_real_10y,d20_us_spr_10_30,z60_eurkrw,z60_sp500 ..."
spread_ktb_10_30,L20W_F4W_R63d_T0bp_S0.0,80,"lvl_jpykrw,ret20_usdkrw,z60_sp_corp_aa_3y,d20_us_spr_5_30,z60_dxy_broad,kr_price_ppi_total_mom,z60_sp_kepco_5y,d20_brent,lvl_yh_gold,z60_sp_corp_bbb_3y,d20_wti,d20_usdkrw_range,d60_slope_30y10y,lvl_usdkrw,d60_ktb_1y,z60_us_spr_10_30,us_ism_mfg_yoy,fgn_kospi_cum20,vol20_ktb_10y,z60_sp_indfin_1y,lvl_us_spr_10_30,us_unrate_yoy,z252_cd_base_spread,usdkrw_range,z60_us_bei_5y5y ..."
spread_ktb_3_10,L20W_F4W_R63d_T0bp_S0.0,80,"z252_slope_10y3y,d60_slope_30y10y,d20_sp_kepco_5y,z60_tedrate,z60_slope_10y3y,z252_ktb3y_base_spread,vol20_ktb_3y,us_ism_mfg_yoy,z60_vol_kospi,kr_price_imp_price_mom,z252_ktb_30y,z60_us_ig_oas_xl,z60_cd_base_spread,kr_sent_csi_total_mom,z60_sp_corp_bbb_3y,d60_ktb3y_base_spread,us_indpro_yoy,d20_wti,d60_bfly_3_5_10,d60_ktb_1y,z252_cd_91d,z60_us_ffr,lvl_yh_dxy,ret20_kospi,fgn_kospi_cum20 ..."
spread_ktb_5_30,L20W_F4W_R63d_T0bp_S0.0,285,"lvl_ktb_1y,lvl_ktb_3y,lvl_ktb_5y,lvl_ktb_10y,lvl_ktb_20y,lvl_ktb_30y,lvl_cd_91d,slope_10y2y,slope_30y10y,slope_30y5y,slope_10y3y,bfly_3_5_10,ktb3y_base_spread,cd_base_spread,d5_ktb_1y,d20_ktb_1y,d60_ktb_1y,z20_ktb_1y,z60_ktb_1y,z252_ktb_1y,d5_ktb_3y,d20_ktb_3y,d60_ktb_3y,z20_ktb_3y,z60_ktb_3y ..."
us_10y_xl,L20W_F4W_R63d_T0bp_S0.0,285,"lvl_ktb_1y,lvl_ktb_3y,lvl_ktb_5y,lvl_ktb_10y,lvl_ktb_20y,lvl_ktb_30y,lvl_cd_91d,slope_10y2y,slope_30y10y,slope_30y5y,slope_10y3y,bfly_3_5_10,ktb3y_base_spread,cd_base_spread,d5_ktb_1y,d20_ktb_1y,d60_ktb_1y,z20_ktb_1y,z60_ktb_1y,z252_ktb_1y,d5_ktb_3y,d20_ktb_3y,d60_ktb_3y,z20_ktb_3y,z60_ktb_3y ..."
us_ig_oas_xl,L20W_F4W_R63d_T0bp_S0.0,80,"kr_growth_ip_total_mom,lvl_us_ig_oas_xl,d20_sp_corp_bbb_3y,lvl_vixcls,z252_us_spr_10_30,z60_cd_base_spread,d20_usdkrw_range,lvl_eurkrw,d60_ktb_30y,z252_ktb_5y,z60_us_spr_10_30,d20_sp_corp_aa_3y,z252_cd_91d,d20_yh_gold,sp_corp_aa_3y,z252_ktb_30y,z60_sp_indfin_1y,lvl_yh_gold,sp_corp_bbb_3y,d20_us_ig_oas_xl,z252_ktb_3y,z60_us_bei_5y5y,fgn_kospi_cum20,d20_slope_10y3y,vol20_ktb_10y ..."
us_spr_10_30,L20W_F4W_R63d_T0bp_S0.0,80,"z252_us_spr_10_30,z252_slope_30y10y,kr_growth_ip_total_mom,d60_bfly_3_5_10,z60_cd_base_spread,d20_sp_indfin_1y,z60_sp_kepco_5y,z60_dxy_broad,z60_kospi,z60_sp_indfin_1y,z252_cd_base_spread,vol20_kospi,z60_us_ig_oas_xl,vol20_ktb_3y,d20_yh_dxy,d5_us_spr_5_30,d60_cd_base_spread,vol20_ktb_10y,lvl_us_bei_10y,z60_us_bei_5y5y,z60_sp_corp_aa_3y,lvl_wti,z60_sp500,d20_cd_base_spread,kr_sent_csi_total_mom ..."
us_spr_2_10,L20W_F4W_R63d_T0bp_S0.0,80,"z252_us_spr_2_10,d20_wti,lvl_brent,d20_sp_corp_aa_3y,ret20_jpykrw,kr_price_cpi_total_mom,z60_sp_corp_aa_3y,z60_us_bei_10y,fgn_kospi_cum20,kr_price_ppi_total_mom,z252_slope_10y3y,us_payems_yoy,z252_cd_base_spread,lvl_jpykrw,lvl_eurkrw,d60_ktb_1y,sp_corp_aa_3y,z60_sp_indfin_1y,z60_ktb_5y,z60_cd_91d,vol20_ktb_10y,lvl_us_5y,z60_tedrate,z60_vixcls,lvl_us_ig_oas_xl ..."
us_spr_5_30,L20W_F4W_R63d_T0bp_S0.0,80,"z252_us_spr_5_30,d20_us_bei_5y5y,z60_us_2y,fgn_kospi_cum20,ret20_usdkrw,lvl_us_spr_10_30,lvl_dxy_broad,ret20_jpykrw,z252_us_spr_10_30,kr_price_imp_price_mom,z60_sp_indfin_1y,z252_cd_91d,z60_bfly_3_5_10,d20_wti,lvl_us_spr_5_30,d20_dxy_broad,lvl_us_ig_oas_xl,z252_cd_base_spread,vol20_ktb_10y,bfly_3_5_10,d60_ktb3y_base_spread,d20_us_spr_5_30,z60_eurkrw,z60_kospi,z60_sp_kepco_5y ..."
ktb_10y,L20W_F4W_R63d_T10bp_S0.0,80,"z252_ktb_10y,z60_sp_corp_aa_3y,z252_ktb_5y,z60_tedrate,z252_us_spr_2_10,sp_kepco_5y,d60_cd_base_spread,z60_cd_base_spread,ret20_kospi,kr_sent_csi_total_mom,z60_cd_91d,lvl_us_ig_oas_xl,z60_sp500,d20_cd_base_spread,z252_us_spr_5_30,kr_growth_ip_total_mom,z252_ktb_30y,z252_cd_base_spread,vol20_ktb_10y,fgn_kospi_cum20,d5_yh_gold,us_cpi_core_yoy,z60_us_bei_10y,z60_us_ig_oas_xl,z60_bfly_3_5_10 ..."
ktb_30y,L20W_F4W_R63d_T10bp_S0.0,80,"d20_wti,z252_ktb_5y,z60_us_ig_oas_xl,z60_tedrate,z252_us_spr_2_10,z252_ktb_10y,z252_ktb_30y,z60_sp_corp_aa_3y,z60_sp_corp_bbb_3y,d20_sp_corp_aa_3y,d5_ktb_5y,d20_sp_kepco_5y,z252_ktb_20y,kr_growth_cli_lead_yoy,sp_kepco_5y,d20_us_spr_5_30,kr_growth_ip_total_mom,slope_10y3y,d20_usdkrw_range,fgn_kospi_cum20,sp_indfin_1y,z60_yh_gold,z60_cd_91d,z60_us_spr_10_30,lvl_us_10y_xl ..."
ktb_3y,L20W_F4W_R63d_T10bp_S0.0,80,"z252_ktb_10y,kr_growth_ip_total_mom,lvl_us_bei_10y,fgn_kospi_cum20,z252_ktb_5y,lvl_yh_sp500,vol20_kospi,z60_cd_91d,d20_sp_indfin_1y,lvl_usdkrw,d60_cd_91d,z60_ktb_1y,d60_ktb_3y,z252_ktb3y_base_spread,z252_slope_30y10y,d20_ktb_1y,vol20_ktb_10y,z60_us_ig_oas_xl,z60_eurkrw,bfly_3_5_10,kr_growth_cli_lead_mom,d20_slope_10y3y,kr_price_ppi_total_mom,z252_ktb_3y,z252_ktb_20y ..."
ktb_5y,L20W_F4W_R63d_T10bp_S0.0,80,"z60_sp_corp_aa_3y,z252_ktb_10y,kr_growth_cli_lead_yoy,z60_sp_indfin_1y,kr_sent_csi_total_mom,sp_kepco_5y,d5_ktb_20y,d20_usdkrw_range,lvl_us_spr_10_30,z60_sp500,z60_slope_30y10y,z252_bfly_3_5_10,d60_cd_base_spread,z60_cd_base_spread,cd_base_spread,d60_ktb_10y,z252_cd_base_spread,vol20_kospi,z252_ktb_3y,d20_ktb_5y,z252_ktb_5y,lvl_us_10y_xl,z60_usdkrw,ret20_kospi,z60_ktb_10y ..."
spread_aa_3y,L20W_F4W_R63d_T10bp_S0.0,285,"lvl_ktb_1y,lvl_ktb_3y,lvl_ktb_5y,lvl_ktb_10y,lvl_ktb_20y,lvl_ktb_30y,lvl_cd_91d,slope_10y2y,slope_30y10y,slope_30y5y,slope_10y3y,bfly_3_5_10,ktb3y_base_spread,cd_base_spread,d5_ktb_1y,d20_ktb_1y,d60_ktb_1y,z20_ktb_1y,z60_ktb_1y,z252_ktb_1y,d5_ktb_3y,d20_ktb_3y,d60_ktb_3y,z20_ktb_3y,z60_ktb_3y ..."
spread_bbb_3y,L20W_F4W_R63d_T10bp_S0.0,285,"lvl_ktb_1y,lvl_ktb_3y,lvl_ktb_5y,lvl_ktb_10y,lvl_ktb_20y,lvl_ktb_30y,lvl_cd_91d,slope_10y2y,slope_30y10y,slope_30y5y,slope_10y3y,bfly_3_5_10,ktb3y_base_spread,cd_base_spread,d5_ktb_1y,d20_ktb_1y,d60_ktb_1y,z20_ktb_1y,z60_ktb_1y,z252_ktb_1y,d5_ktb_3y,d20_ktb_3y,d60_ktb_3y,z20_ktb_3y,z60_ktb_3y ..."
spread_ktb_10_30,L20W_F4W_R63d_T10bp_S0.0,285,"lvl_ktb_1y,lvl_ktb_3y,lvl_ktb_5y,lvl_ktb_10y,lvl_ktb_20y,lvl_ktb_30y,lvl_cd_91d,slope_10y2y,slope_30y10y,slope_30y5y,slope_10y3y,bfly_3_5_10,ktb3y_base_spread,cd_base_spread,d5_ktb_1y,d20_ktb_1y,d60_ktb_1y,z20_ktb_1y,z60_ktb_1y,z252_ktb_1y,d5_ktb_3y,d20_ktb_3y,d60_ktb_3y,z20_ktb_3y,z60_ktb_3y ..."
spread_ktb_3_10,L20W_F4W_R63d_T10bp_S0.0,80,"z252_slope_10y3y,vol20_ktb_3y,z60_sp500,d60_bfly_3_5_10,z60_us_ffr,d20_usdkrw_range,d20_us_spr_5_30,z60_ktb_20y,lvl_wti,d20_wti,z60_slope_10y3y,z60_us_spr_5_30,us_indpro_yoy,z60_wti,z252_slope_30y5y,lvl_us_5y,d20_us_spr_2_10,z252_us_spr_10_30,d20_slope_10y3y,d60_slope_10y3y,z60_us_spr_2_10,z252_us_spr_2_10,lvl_us_bei_5y5y,kr_price_imp_price_mom,d20_us_5y ..."
spread_ktb_5_30,L20W_F4W_R63d_T10bp_S0.0,285,"lvl_ktb_1y,lvl_ktb_3y,lvl_ktb_5y,lvl_ktb_10y,lvl_ktb_20y,lvl_ktb_30y,lvl_cd_91d,slope_10y2y,slope_30y10y,slope_30y5y,slope_10y3y,bfly_3_5_10,ktb3y_base_spread,cd_base_spread,d5_ktb_1y,d20_ktb_1y,d60_ktb_1y,z20_ktb_1y,z60_ktb_1y,z252_ktb_1y,d5_ktb_3y,d20_ktb_3y,d60_ktb_3y,z20_ktb_3y,z60_ktb_3y ..."
us_10y_xl,L20W_F4W_R63d_T10bp_S0.0,285,"lvl_ktb_1y,lvl_ktb_3y,lvl_ktb_5y,lvl_ktb_10y,lvl_ktb_20y,lvl_ktb_30y,lvl_cd_91d,slope_10y2y,slope_30y10y,slope_30y5y,slope_10y3y,bfly_3_5_10,ktb3y_base_spread,cd_base_spread,d5_ktb_1y,d20_ktb_1y,d60_ktb_1y,z20_ktb_1y,z60_ktb_1y,z252_ktb_1y,d5_ktb_3y,d20_ktb_3y,d60_ktb_3y,z20_ktb_3y,z60_ktb_3y ..."
us_ig_oas_xl,L20W_F4W_R63d_T10bp_S0.0,80,"kr_growth_ip_total_mom,d20_slope_10y3y,d20_sp_corp_aa_3y,d20_us_spr_10_30,z60_us_ig_oas_xl,ret20_jpykrw,z60_us_spr_10_30,z60_sp_indfin_1y,d20_yh_gold,ret1_jpykrw,sp_corp_bbb_3y,d20_us_real_10y,vol20_ktb_10y,usdkrw_range,ktb3y_base_spread,z60_tedrate,z252_us_spr_10_30,us_ism_mfg_yoy,bfly_3_5_10,d20_ktb_1y,vol20_ktb_3y,z60_sp_kepco_5y,d20_sp_kepco_5y,z60_sp_corp_bbb_3y,d5_us_bei_5y5y ..."
us_spr_10_30,L20W_F4W_R63d_T10bp_S0.0,80,"z252_cd_base_spread,z60_sp_indfin_1y,z252_us_spr_10_30,z60_cd_base_spread,z60_us_bei_5y5y,z60_eurkrw,vol20_ktb_3y,z60_us_2y,lvl_us_2y,d20_sp_indfin_1y,d20_brent,kr_growth_ip_total_yoy,lvl_wti,z60_us_spr_10_30,z60_cd_91d,d60_cd_base_spread,ret1_eurkrw,d5_ktb_1y,d20_us_2y,d20_us_30y,z60_us_ig_oas_xl,d20_slope_10y3y,d20_us_10y3m,kr_growth_cli_lead_mom,z252_cd_91d ..."
us_spr_2_10,L20W_F4W_R63d_T10bp_S0.0,80,"z252_us_spr_2_10,kr_price_ppi_total_mom,lvl_brent,lvl_eurkrw,ret20_jpykrw,kr_price_imp_price_mom,z60_sp_kepco_5y,z60_us_ig_oas_xl,z60_sp_indfin_1y,z252_us_spr_5_30,z60_us_bei_10y,d60_slope_10y3y,z60_wti,z60_us_bei_5y5y,d20_sp_corp_aa_3y,z60_us_10y2y,d20_wti,z60_ktb_5y,ret20_kospi,kr_price_cpi_total_mom,us_payems_yoy,d60_ktb_1y,z252_cd_base_spread,z60_us_ffr,d20_us_10y3m ..."
us_spr_5_30,L20W_F4W_R63d_T10bp_S0.0,80,"z252_us_spr_5_30,d20_us_bei_5y5y,z60_sp_kepco_5y,ret20_jpykrw,lvl_dxy_broad,ret20_usdkrw,lvl_tedrate,d60_cd_base_spread,z60_wti,z252_us_spr_10_30,z60_cd_base_spread,z60_bfly_3_5_10,vol20_ktb_10y,fgn_kospi_cum20,z252_slope_10y3y,z252_cd_base_spread,d20_wti,z60_us_2y,d60_ktb_1y,lvl_us_spr_5_30,d20_usdkrw_range,z60_sp_indfin_1y,d20_us_10y2y,ret1_jpykrw,z60_eurkrw ..."
ktb_10y,L4W_F2W_R63d_T0bp_S0.0,80,"z252_cd_base_spread,z60_us_ffr,d20_sp_corp_bbb_3y,z60_us_ig_oas_xl,d20_brent,z252_cd_91d,z60_sp_corp_bbb_3y,kr_growth_ip_total_mom,vol20_ktb_3y,z60_sp500,vol20_kospi,z60_sp_kepco_5y,z60_dxy_broad,z60_slope_10y3y,z60_bfly_3_5_10,sp_kepco_5y,z60_us_spr_10_30,z60_sp_corp_aa_3y,z60_sp_indfin_1y,ret1_kospi,d60_bfly_3_5_10,d20_wti,d20_us_spr_10_30,d20_bfly_3_5_10,z252_ktb3y_base_spread ..."
ktb_30y,L4W_F2W_R63d_T0bp_S0.0,80,"z252_cd_91d,z60_sp500,z60_dxy_broad,z60_sp_corp_aa_3y,z60_yh_dxy,d20_yh_dxy,z60_ktb_10y,z60_us_bei_10y,z60_bfly_3_5_10,d60_bfly_3_5_10,bfly_3_5_10,d20_brent,fgn_kospi_cum20,z60_sp_corp_bbb_3y,vol20_kospi,z252_slope_30y5y,z60_cd_base_spread,z60_us_ffr,z60_cd_91d,z252_us_spr_2_10,ret20_eurkrw,d60_slope_10y3y,vol20_ktb_3y,z60_sp_indfin_1y,d5_yh_gold ..."
ktb_3y,L4W_F2W_R63d_T0bp_S0.0,80,"z60_yh_dxy,z60_sp_kepco_5y,d20_sp_corp_aa_3y,d20_usdkrw_range,ret20_jpykrw,fgn_kospi_cum20,z60_ktb_5y,d20_sp_kepco_5y,vol20_ktb_3y,d5_us_bei_10y,lvl_brent,z60_ktb_1y,z252_cd_base_spread,ret20_kospi,z60_sp_indfin_1y,z60_yh_gold,d5_brent,kr_growth_ip_total_yoy,z252_slope_10y3y,z60_cd_base_spread,z60_us_ffr,z60_brent,d20_yh_gold,usdkrw_range,z60_sp500 ..."
ktb_5y,L4W_F2W_R63d_T0bp_S0.0,80,"ret20_usdkrw,z60_eurkrw,z252_cd_91d,z252_cd_base_spread,d20_dxy_broad,z60_sp_corp_aa_3y,z60_ktb_1y,d20_us_ig_oas_xl,ret20_kospi,z60_ktb_3y,z60_sp_corp_bbb_3y,vol20_ktb_3y,z60_us_bei_5y5y,z60_dxy_broad,d20_usdkrw_range,vol20_kospi,d20_sp_kepco_5y,z252_bfly_3_5_10,sp_corp_aa_3y,z60_sp_kepco_5y,z60_us_ffr,z60_yh_gold,d60_bfly_3_5_10,z60_yh_dxy,d20_sp_indfin_1y ..."
spread_aa_3y,L4W_F2W_R63d_T0bp_S0.0,80,"z60_sp_corp_aa_3y,z60_sp_corp_bbb_3y,z60_sp_indfin_1y,d20_sp_corp_aa_3y,d20_sp_kepco_5y,kr_sent_csi_total_yoy,z60_us_ig_oas_xl,z60_tedrate,z60_sp500,z252_cd_base_spread,z60_wti,z60_ktb3y_base_spread,vol20_ktb_10y,d5_us_spr_10_30,fgn_kospi_cum20,z60_cd_91d,z60_us_spr_10_30,kr_price_ppi_total_mom,bfly_3_5_10,sp_corp_aa_3y,ret1_sp500,d20_usdkrw_range,d20_dxy_broad,z60_us_bei_5y5y,lvl_usdkrw ..."
spread_bbb_3y,L4W_F2W_R63d_T0bp_S0.0,80,"z60_cd_base_spread,z60_sp_corp_bbb_3y,z60_us_ig_oas_xl,z252_bfly_3_5_10,ret20_eurkrw,z60_us_ffr,z60_jpykrw,d60_bfly_3_5_10,vol20_ktb_5y,d20_sp_corp_bbb_3y,d20_yh_gold,z60_sp_indfin_1y,z60_yh_gold,lvl_us_10y2y,z252_cd_base_spread,d20_slope_10y3y,z60_sp_kepco_5y,d20_sp_corp_aa_3y,z60_us_10y2y,z60_sp_corp_aa_3y,z60_vixcls,lvl_ktb_1y,d60_slope_30y5y,z60_bfly_3_5_10,lvl_us_bei_5y5y ..."
spread_kepco_5y,L4W_F2W_R63d_T0bp_S0.0,80,"z60_sp_corp_bbb_3y,z60_cd_base_spread,d20_usdkrw_range,d20_wti,d20_sp_kepco_5y,z60_us_bei_10y,lvl_brent,z60_sp_corp_aa_3y,d20_vixcls,d20_slope_10y3y,z60_sp_kepco_5y,d20_sp_corp_bbb_3y,z60_brent,z252_cd_base_spread,vol20_ktb_10y,z60_us_ffr,z252_ktb_1y,z60_us_ig_oas_xl,ret20_kospi,vol20_kospi,fgn_kospi_cum20,d60_ktb_1y,d20_brent,d20_ktb3y_base_spread,d20_bfly_3_5_10 ..."
spread_ktb_10_30,L4W_F2W_R63d_T0bp_S0.0,80,"z60_usdkrw,z60_dxy_broad,z60_sp500,ret20_usdkrw,z60_kospi,d5_bfly_3_5_10,slope_30y5y,vol20_ktb_3y,vol20_kospi,kr_price_imp_price_mom,ret20_jpykrw,sp_indfin_1y,d20_sp_corp_bbb_3y,z60_sp_corp_bbb_3y,d60_ktb_1y,d5_slope_30y10y,z60_ktb3y_base_spread,fgn_kospi_cum20,z60_slope_30y5y,z60_sp_indfin_1y,bfly_3_5_10,d60_slope_10y3y,z252_slope_30y10y,d20_us_bei_5y5y,d20_usdkrw_range ..."
spread_ktb_3_10,L4W_F2W_R63d_T0bp_S0.0,80,"d20_sp_indfin_1y,z60_slope_10y3y,fgn_kospi_cum20,z60_yh_dxy,z60_us_ffr,z252_cd_base_spread,d5_yh_gold,kr_growth_ip_total_yoy,z60_cd_base_spread,z60_dxy_broad,z60_vol_kospi,z60_kospi,lvl_usdkrw,z60_us_ig_oas_xl,z60_bfly_3_5_10,z60_us_real_10y,d20_sp_corp_bbb_3y,z60_sp_indfin_1y,d20_sp_corp_aa_3y,z252_us_spr_5_30,ret1_sp500,z60_wti,z60_eurkrw,d20_slope_10y3y,z60_us_spr_5_30 ..."
spread_ktb_5_30,L4W_F2W_R63d_T0bp_S0.0,80,"d20_slope_30y5y,vol20_kospi,vol20_ktb_10y,z60_slope_30y5y,z60_sp_corp_bbb_3y,z60_sp_kepco_5y,d20_sp_kepco_5y,d60_bfly_3_5_10,fgn_kospi_cum20,z60_dxy_broad,z60_us_ffr,us_pce_core_yoy,d20_ktb_1y,d20_brent,z60_jpykrw,d20_sp_corp_aa_3y,z252_bfly_3_5_10,z252_cd_base_spread,d20_us_10y3m,d5_us_spr_5_30,z60_us_spr_10_30,ret20_jpykrw,z60_cd_91d,vol20_ktb_3y,z60_eurkrw ..."
us_10y_xl,L4W_F2W_R63d_T0bp_S0.0,80,"d60_ktb_20y,ret20_jpykrw,d60_slope_10y3y,d20_vixcls,z60_cd_base_spread,kr_growth_cli_lead_mom,z60_cd_91d,d20_slope_30y5y,d20_brent,z60_jpykrw,z60_sp_indfin_1y,d5_us_real_10y,d5_yh_gold,z60_yh_gold,d20_slope_10y3y,z60_sp_kepco_5y,d5_yh_dxy,vol20_kospi,d5_slope_30y5y,z60_sp_corp_aa_3y,z60_us_bei_5y5y,z60_sp500,z60_usdkrw,d20_bfly_3_5_10,vol20_ktb_5y ..."
us_ig_oas_xl,L4W_F2W_R63d_T0bp_S0.0,80,"lvl_us_ig_oas_xl,d60_bfly_3_5_10,z60_sp_indfin_1y,vol20_kospi,z60_cd_91d,z60_wti,ret20_jpykrw,z60_us_ig_oas_xl,z60_vol_kospi,kr_sent_csi_total_mom,z252_us_spr_5_30,z60_yh_gold,z252_cd_91d,z60_us_spr_10_30,z60_bfly_3_5_10,d5_brent,z60_ktb_1y,ret1_sp500,z60_eurkrw,z60_dxy_broad,slope_10y3y,z252_ktb_20y,d20_usdkrw_range,vol20_ktb_3y,d20_vixcls ..."
us_spr_10_30,L4W_F2W_R63d_T0bp_S0.0,80,"z60_us_spr_10_30,vol20_ktb_3y,z60_us_ffr,z252_cd_base_spread,z60_cd_91d,d20_sp_kepco_5y,d20_yh_gold,z60_yh_gold,kr_growth_cli_lead_yoy,d5_yh_dxy,d20_sp_corp_aa_3y,z60_sp_kepco_5y,z60_us_2y,z252_slope_30y10y,z60_wti,z60_tedrate,ret1_jpykrw,vol20_kospi,z60_us_bei_10y,z60_sp500,ret20_kospi,z60_kospi,d60_bfly_3_5_10,z60_sp_indfin_1y,d20_us_spr_10_30 ..."
us_spr_2_10,L4W_F2W_R63d_T0bp_S0.0,80,"z252_cd_base_spread,lvl_wti,z60_cd_91d,z60_cd_base_spread,z60_kospi,z60_sp_corp_aa_3y,z60_ktb_1y,z60_sp_corp_bbb_3y,ret20_kospi,z252_cd_91d,d20_slope_10y3y,d60_slope_10y3y,lvl_vixcls,z60_usdkrw,ret1_kospi,d20_ktb_10y,z60_sp_indfin_1y,z60_sp_kepco_5y,z60_us_ffr,fgn_kospi_cum20,d20_bfly_3_5_10,z60_tedrate,z60_brent,z60_us_spr_10_30,bfly_3_5_10 ..."
us_spr_5_30,L4W_F2W_R63d_T0bp_S0.0,80,"z60_sp_corp_aa_3y,d20_sp_indfin_1y,z60_sp_indfin_1y,d20_us_bei_5y5y,z60_us_bei_5y5y,vol20_kospi,z60_kospi,kr_growth_ip_total_yoy,kr_price_ppi_total_mom,z252_cd_base_spread,z60_us_spr_5_30,z252_us_spr_5_30,bfly_3_5_10,d20_bfly_3_5_10,lvl_usdkrw,kr_sent_csi_total_mom,z60_sp500,d20_yh_gold,d5_slope_30y10y,z60_eurkrw,d5_slope_10y3y,d5_us_spr_10_30,sp_kepco_5y,z60_us_spr_10_30,d20_yh_dxy ..."
ktb_10y,L4W_F2W_R63d_T10bp_S0.0,80,"vol20_ktb_3y,z60_us_ffr,d20_us_spr_5_30,ret20_kospi,d20_brent,d20_sp_corp_bbb_3y,kr_sent_csi_total_mom,z60_cd_91d,z60_us_spr_10_30,d20_ktb_1y,z60_us_bei_10y,d20_dxy_broad,z252_cd_91d,d5_slope_10y3y,d60_bfly_3_5_10,z60_cd_base_spread,z60_bfly_3_5_10,d60_ktb3y_base_spread,z60_sp500,kr_growth_ip_total_mom,d20_sp_kepco_5y,z252_ktb3y_base_spread,d20_yh_dxy,z60_yh_dxy,fgn_kospi_cum20 ..."
ktb_30y,L4W_F2W_R63d_T10bp_S0.0,80,"d20_yh_dxy,z60_us_ig_oas_xl,d20_us_spr_5_30,z60_yh_dxy,slope_10y3y,z60_cd_91d,z60_us_spr_10_30,z60_sp500,z60_us_bei_10y,d5_yh_gold,ret20_kospi,z60_us_ffr,z60_tedrate,kr_growth_ip_total_mom,d20_sp_kepco_5y,z60_cd_base_spread,d20_us_ig_oas_xl,z60_sp_kepco_5y,z60_dxy_broad,d60_slope_10y3y,z60_us_spr_2_10,d5_ktb_5y,z252_slope_10y3y,d5_bfly_3_5_10,d60_cd_base_spread ..."
ktb_3y,L4W_F2W_R63d_T10bp_S0.0,80,"vol20_ktb_3y,fgn_kospi_cum20,d60_bfly_3_5_10,kr_price_imp_price_mom,z60_brent,z60_yh_dxy,d60_slope_10y3y,d20_us_real_10y,d20_yh_gold,d60_ktb_3y,d20_yh_dxy,ret20_usdkrw,z60_sp_indfin_1y,ret1_eurkrw,d20_ktb_5y,lvl_wti,ret20_kospi,d60_ktb3y_base_spread,us_indpro_yoy,z252_slope_10y3y,lvl_yh_dxy,kr_growth_ip_total_yoy,d5_dxy_broad,lvl_brent,z60_kospi ..."
ktb_5y,L4W_F2W_R63d_T10bp_S0.0,80,"ret20_usdkrw,z60_eurkrw,vol20_ktb_3y,d20_yh_gold,ret1_kospi,z60_brent,z60_yh_dxy,z252_slope_30y5y,vol20_ktb_5y,z60_cd_base_spread,lvl_usdkrw,z60_sp_corp_aa_3y,ret20_kospi,kr_sent_csi_total_yoy,d60_ktb_5y,d60_bfly_3_5_10,z60_sp_corp_bbb_3y,d20_brent,z60_jpykrw,d20_slope_30y10y,kr_sent_csi_total_lvl,z60_cd_91d,d5_dxy_broad,fgn_kospi_cum20,z60_bfly_3_5_10 ..."
spread_ktb_3_10,L4W_F2W_R63d_T10bp_S0.0,285,"lvl_ktb_1y,lvl_ktb_3y,lvl_ktb_5y,lvl_ktb_10y,lvl_ktb_20y,lvl_ktb_30y,lvl_cd_91d,slope_10y2y,slope_30y10y,slope_30y5y,slope_10y3y,bfly_3_5_10,ktb3y_base_spread,cd_base_spread,d5_ktb_1y,d20_ktb_1y,d60_ktb_1y,z20_ktb_1y,z60_ktb_1y,z252_ktb_1y,d5_ktb_3y,d20_ktb_3y,d60_ktb_3y,z20_ktb_3y,z60_ktb_3y ..."
spread_ktb_5_30,L4W_F2W_R63d_T10bp_S0.0,285,"lvl_ktb_1y,lvl_ktb_3y,lvl_ktb_5y,lvl_ktb_10y,lvl_ktb_20y,lvl_ktb_30y,lvl_cd_91d,slope_10y2y,slope_30y10y,slope_30y5y,slope_10y3y,bfly_3_5_10,ktb3y_base_spread,cd_base_spread,d5_ktb_1y,d20_ktb_1y,d60_ktb_1y,z20_ktb_1y,z60_ktb_1y,z252_ktb_1y,d5_ktb_3y,d20_ktb_3y,d60_ktb_3y,z20_ktb_3y,z60_ktb_3y ..."
us_10y_xl,L4W_F2W_R63d_T10bp_S0.0,80,"d60_ktb_20y,z60_cd_91d,z60_cd_base_spread,fgn_kospi_cum20,ret20_jpykrw,kr_growth_cli_lead_mom,z60_sp_kepco_5y,z60_vixcls,z252_cd_base_spread,d5_yh_dxy,z60_us_ffr,d20_us_2y,z60_brent,z60_us_5y,lvl_us_spr_10_30,ret1_sp500,d5_yh_gold,z60_jpykrw,ret20_kospi,z252_bfly_3_5_10,z60_yh_dxy,d60_slope_10y3y,d60_ktb3y_base_spread,d20_us_10y3m,d20_vixcls ..."
us_ig_oas_xl,L4W_F2W_R63d_T10bp_S0.0,80,"z60_sp_indfin_1y,d20_sp_corp_aa_3y,lvl_us_bei_10y,z60_cd_91d,sp_corp_aa_3y,lvl_wti,d20_usdkrw_range,z60_ktb_30y,usdkrw_range,z60_sp_kepco_5y,kr_growth_ip_total_yoy,z60_cd_base_spread,z60_us_spr_2_10,z60_us_ig_oas_xl,z252_ktb_5y,ret20_usdkrw,ret1_jpykrw,ret20_jpykrw,lvl_brent,d5_us_spr_10_30,z60_sp_corp_aa_3y,z60_us_spr_10_30,z252_ktb_1y,z60_yh_gold,slope_10y3y ..."
us_spr_10_30,L4W_F2W_R63d_T10bp_S0.0,285,"lvl_ktb_1y,lvl_ktb_3y,lvl_ktb_5y,lvl_ktb_10y,lvl_ktb_20y,lvl_ktb_30y,lvl_cd_91d,slope_10y2y,slope_30y10y,slope_30y5y,slope_10y3y,bfly_3_5_10,ktb3y_base_spread,cd_base_spread,d5_ktb_1y,d20_ktb_1y,d60_ktb_1y,z20_ktb_1y,z60_ktb_1y,z252_ktb_1y,d5_ktb_3y,d20_ktb_3y,d60_ktb_3y,z20_ktb_3y,z60_ktb_3y ..."
us_spr_2_10,L4W_F2W_R63d_T10bp_S0.0,80,"z252_cd_base_spread,kr_growth_ip_total_mom,d20_slope_10y3y,d20_sp_corp_bbb_3y,vol20_ktb_3y,d20_ktb_10y,z60_sp_corp_bbb_3y,d20_tedrate,lvl_us_ffr,z60_brent,ret20_jpykrw,kr_price_ppi_total_mom,z60_tedrate,d20_us_spr_5_30,z60_sp_corp_aa_3y,z60_us_spr_10_30,z60_kospi,d20_bfly_3_5_10,z60_vixcls,z60_us_spr_2_10,z60_ktb_1y,d20_ktb_20y,d5_ktb_20y,d20_us_ig_oas_xl,d5_ktb_10y ..."
us_spr_5_30,L4W_F2W_R63d_T10bp_S0.0,80,"z252_ktb_3y,z60_sp_indfin_1y,kr_price_ppi_total_mom,d5_ktb_1y,z252_us_spr_5_30,vol20_ktb_3y,d20_us_bei_10y,z60_ktb_20y,z60_ktb_5y,z60_us_ig_oas_xl,z60_us_ffr,d5_us_spr_10_30,kr_growth_ip_total_mom,z60_bfly_3_5_10,d20_sp_corp_bbb_3y,z60_us_spr_10_30,z60_sp500,kr_growth_ip_total_yoy,slope_30y10y,d5_slope_10y3y,z60_sp_corp_bbb_3y,d5_brent,d20_us_spr_5_30,d20_bfly_3_5_10,d60_bfly_3_5_10 ..."
ktb_10y,L4W_F4W_R63d_T0bp_S0.0,80,"z60_us_ffr,sp_corp_aa_3y,d60_bfly_3_5_10,z252_cd_base_spread,lvl_usdkrw,z60_sp_corp_aa_3y,d20_sp_indfin_1y,z60_us_ig_oas_xl,d60_ktb_1y,d60_ktb3y_base_spread,d60_ktb_30y,z60_yh_dxy,z60_cd_base_spread,z60_sp_indfin_1y,d20_vixcls,z252_cd_91d,z252_bfly_3_5_10,d20_bfly_3_5_10,d20_sp_corp_aa_3y,z60_sp_kepco_5y,vol20_ktb_3y,d20_brent,d20_us_bei_5y5y,d20_us_real_10y,d20_wti ..."
ktb_30y,L4W_F4W_R63d_T0bp_S0.0,80,"z60_us_ffr,d20_yh_dxy,lvl_usdkrw,vol20_kospi,d20_us_2y,fgn_kospi_cum20,z60_sp_indfin_1y,z60_us_bei_10y,d20_usdkrw_range,z252_cd_91d,sp_indfin_1y,d60_ktb_30y,kr_growth_ip_total_mom,z252_cd_base_spread,z60_yh_dxy,lvl_yh_gold,d60_ktb_20y,z60_eurkrw,fgn_kospi,d20_yh_gold,d5_slope_10y3y,z60_tedrate,lvl_ktb_3y,vol20_ktb_3y,vol20_ktb_5y ..."
ktb_3y,L4W_F4W_R63d_T0bp_S0.0,80,"d20_sp_indfin_1y,fgn_kospi_cum20,z60_sp_corp_aa_3y,slope_10y3y,sp_corp_aa_3y,d20_vixcls,z60_us_ffr,ret20_jpykrw,z60_us_bei_10y,ret20_usdkrw,d20_yh_dxy,vol20_ktb_3y,z60_sp_indfin_1y,z252_cd_91d,z60_brent,z60_yh_dxy,d60_ktb3y_base_spread,vol20_kospi,z60_cd_91d,z60_sp500,z252_cd_base_spread,lvl_usdkrw,d20_slope_10y3y,z252_slope_10y3y,z60_usdkrw ..."
ktb_5y,L4W_F4W_R63d_T0bp_S0.0,80,"sp_corp_aa_3y,z60_sp_corp_aa_3y,vol20_ktb_10y,lvl_usdkrw,sp_kepco_5y,z60_eurkrw,vol20_ktb_3y,d20_us_ig_oas_xl,d20_usdkrw_range,z60_usdkrw,z252_bfly_3_5_10,z60_us_ig_oas_xl,z60_cd_base_spread,d5_wti,z60_yh_dxy,z60_us_ffr,d20_tedrate,z60_dxy_broad,z252_cd_base_spread,fgn_kospi_cum20,z60_sp_corp_bbb_3y,ret20_usdkrw,d20_ktb_1y,d60_slope_10y3y,z252_ktb3y_base_spread ..."
spread_aa_3y,L4W_F4W_R63d_T0bp_S0.0,80,"z60_sp_corp_aa_3y,d20_usdkrw_range,kr_sent_csi_total_yoy,z60_sp_corp_bbb_3y,z60_sp_kepco_5y,d5_yh_dxy,kr_sent_csi_total_mom,vol20_ktb_3y,z60_cd_91d,ret20_kospi,sp_corp_aa_3y,d20_sp_kepco_5y,d20_wti,z252_cd_91d,d60_bfly_3_5_10,z252_cd_base_spread,d20_yh_dxy,d60_ktb_1y,z60_sp_indfin_1y,z60_us_ig_oas_xl,kr_growth_ip_total_yoy,kr_price_imp_price_mom,d60_ktb3y_base_spread,z60_cd_base_spread,lvl_us_bei_5y5y ..."
spread_bbb_3y,L4W_F4W_R63d_T0bp_S0.0,80,"d20_sp_corp_aa_3y,d20_sp_corp_bbb_3y,z60_kospi,z60_cd_base_spread,z60_sp_corp_bbb_3y,z60_cd_91d,z252_cd_base_spread,lvl_us_10y2y,z60_brent,z252_bfly_3_5_10,d20_wti,d20_slope_10y3y,d60_slope_10y3y,d60_ktb3y_base_spread,d20_usdkrw_range,fgn_kospi_cum20,ret20_eurkrw,z60_bfly_3_5_10,ret20_usdkrw,sp_kepco_5y,z60_us_ig_oas_xl,z60_sp_indfin_1y,z60_sp_corp_aa_3y,z60_usdkrw,us_payems_yoy ..."
spread_kepco_5y,L4W_F4W_R63d_T0bp_S0.0,80,"d20_sp_corp_bbb_3y,d20_sp_kepco_5y,z60_sp_kepco_5y,sp_kepco_5y,z60_sp_corp_bbb_3y,kr_growth_ip_total_mom,d20_bfly_3_5_10,bfly_3_5_10,z60_us_2y,z60_yh_dxy,vol20_ktb_3y,z60_cd_base_spread,z60_sp_corp_aa_3y,z60_kospi,d20_yh_gold,fgn_kospi_cum20,slope_10y3y,z60_eurkrw,d20_usdkrw_range,z60_us_ig_oas_xl,z252_cd_base_spread,z60_brent,z60_wti,z252_slope_10y3y,d20_ktb_1y ..."
spread_ktb_10_30,L4W_F4W_R63d_T0bp_S0.0,80,"vol20_kospi,z60_sp_indfin_1y,ret20_eurkrw,d20_ktb3y_base_spread,z60_us_ffr,kr_growth_ip_total_yoy,vol20_ktb_3y,d20_us_real_10y,d20_yh_gold,d20_slope_30y10y,z60_cd_base_spread,z60_usdkrw,z60_sp_kepco_5y,z60_slope_30y10y,kr_price_imp_price_mom,z60_sp_corp_bbb_3y,fgn_kospi_cum20,z60_us_bei_10y,sp_kepco_5y,lvl_vixcls,z252_cd_base_spread,z60_yh_gold,z252_slope_30y10y,d5_bfly_3_5_10,sp_corp_aa_3y ..."
spread_ktb_3_10,L4W_F4W_R63d_T0bp_S0.0,80,"z60_kospi,z252_cd_base_spread,z60_cd_base_spread,z60_yh_gold,z252_ktb3y_base_spread,z60_jpykrw,slope_10y3y,z60_sp_kepco_5y,d20_usdkrw_range,kr_growth_ip_total_mom,z60_ktb_20y,z60_wti,d20_slope_30y5y,z60_sp_corp_bbb_3y,z60_sp_corp_aa_3y,d60_ktb3y_base_spread,z252_ktb_3y,z252_us_spr_5_30,d20_yh_gold,d20_slope_10y3y,z60_us_bei_5y5y,d5_wti,d20_yh_dxy,lvl_usdkrw,kr_growth_ip_total_yoy ..."
spread_ktb_5_30,L4W_F4W_R63d_T0bp_S0.0,80,"sp_kepco_5y,z60_slope_30y10y,d60_bfly_3_5_10,fgn_kospi_cum20,ret20_usdkrw,d20_ktb_1y,d60_slope_30y5y,z60_us_ffr,us_pce_core_yoy,z252_cd_base_spread,z60_slope_30y5y,d20_usdkrw_range,z252_cd_91d,sp_indfin_1y,d20_slope_30y5y,z252_us_spr_2_10,d20_sp_corp_aa_3y,d20_sp_corp_bbb_3y,kr_growth_ip_total_mom,d60_slope_30y10y,kr_growth_cli_lead_mom,slope_10y3y,kr_price_imp_price_mom,z252_slope_10y3y,vol20_ktb_3y ..."
us_10y_xl,L4W_F4W_R63d_T0bp_S0.0,80,"z60_us_5y,z60_sp_kepco_5y,z60_us_2y,z60_cd_91d,vol20_kospi,vol20_ktb_3y,d20_usdkrw_range,sp_kepco_5y,d60_slope_10y3y,z60_cd_base_spread,vol20_ktb_5y,z252_cd_91d,z60_bfly_3_5_10,lvl_us_5y,d20_slope_10y3y,z60_us_ig_oas_xl,kr_growth_ip_total_yoy,d20_yh_gold,ret20_usdkrw,z252_us_spr_10_30,d20_sp_indfin_1y,z60_jpykrw,d20_brent,z252_us_spr_5_30,ret1_sp500 ..."
us_ig_oas_xl,L4W_F4W_R63d_T0bp_S0.0,80,"lvl_us_ig_oas_xl,vol20_kospi,z252_cd_base_spread,d20_usdkrw_range,kr_sent_csi_total_mom,ret20_jpykrw,z60_cd_91d,z60_cd_base_spread,ret20_eurkrw,usdkrw_range,z60_sp_indfin_1y,vol20_ktb_10y,z60_kospi,lvl_wti,ret20_usdkrw,d60_cd_91d,fgn_kospi_cum20,lvl_usdkrw,bfly_3_5_10,d60_bfly_3_5_10,d60_cd_base_spread,z60_sp_corp_aa_3y,z252_cd_91d,lvl_yh_gold,z60_eurkrw ..."
us_spr_10_30,L4W_F4W_R63d_T0bp_S0.0,80,"z252_cd_base_spread,ret20_kospi,vol20_kospi,kr_growth_cli_lead_yoy,d60_ktb3y_base_spread,z60_sp500,z60_cd_91d,d20_sp_corp_bbb_3y,z252_bfly_3_5_10,z252_cd_91d,z60_sp_indfin_1y,z252_slope_30y5y,d20_sp_kepco_5y,d5_yh_dxy,z60_us_ffr,fgn_kospi_cum20,d5_slope_10y3y,d20_bfly_3_5_10,z252_us_spr_10_30,z60_cd_base_spread,d20_yh_gold,kr_price_imp_price_mom,z60_yh_gold,z60_sp_corp_bbb_3y,z60_jpykrw ..."
us_spr_2_10,L4W_F4W_R63d_T0bp_S0.0,80,"d20_brent,z252_cd_base_spread,d60_slope_10y3y,d20_usdkrw_range,ret1_sp500,z60_usdkrw,ret20_eurkrw,z60_yh_gold,z60_wti,kr_growth_ip_total_mom,ret20_kospi,z60_sp_indfin_1y,z252_us_spr_2_10,z252_cd_91d,d20_sp_corp_aa_3y,z60_bfly_3_5_10,lvl_wti,sp_kepco_5y,z60_sp_kepco_5y,z60_sp_corp_bbb_3y,us_indpro_yoy,z60_cd_base_spread,d60_cd_base_spread,d20_wti,kr_price_ppi_total_mom ..."
us_spr_5_30,L4W_F4W_R63d_T0bp_S0.0,80,"fgn_kospi_cum20,d20_sp_kepco_5y,vol20_kospi,slope_30y5y,d20_us_bei_5y5y,z60_cd_base_spread,sp_kepco_5y,z252_us_spr_5_30,z60_sp_corp_bbb_3y,d60_bfly_3_5_10,d20_brent,d20_us_spr_5_30,kr_sent_csi_total_lvl,z252_cd_base_spread,z60_eurkrw,z60_sp500,bfly_3_5_10,ktb3y_base_spread,vol20_ktb_3y,sp_indfin_1y,z60_sp_corp_aa_3y,z60_us_spr_10_30,z252_us_spr_10_30,slope_30y10y,z252_cd_91d ..."
ktb_10y,L4W_F4W_R63d_T10bp_S0.0,80,"z60_us_ffr,z60_tedrate,d20_yh_gold,z60_sp_corp_aa_3y,us_cpi_core_yoy,kr_price_cpi_total_mom,z252_cd_91d,d20_brent,z60_ktb_10y,vol20_ktb_3y,d20_sp_corp_aa_3y,d20_us_bei_5y5y,z60_kospi,z60_ktb_20y,d60_slope_30y10y,z60_ktb_1y,z252_ktb3y_base_spread,z60_sp_corp_bbb_3y,d20_sp_indfin_1y,d20_wti,z60_eurkrw,d20_ktb_30y,z60_bfly_3_5_10,d20_us_bei_10y,d5_us_spr_2_10 ..."
ktb_30y,L4W_F4W_R63d_T10bp_S0.0,80,"z60_ktb_20y,z60_cd_91d,z60_us_ig_oas_xl,ret20_jpykrw,z60_ktb_10y,vol20_ktb_3y,d20_us_spr_5_30,ret20_kospi,vol20_ktb_5y,d20_sp_corp_bbb_3y,lvl_brent,d60_ktb_3y,z252_cd_base_spread,z60_sp_indfin_1y,z252_cd_91d,z252_ktb_20y,z60_ktb_30y,d20_cd_91d,d20_us_spr_10_30,vol20_ktb_10y,kr_growth_cli_lead_mom,kr_price_cpi_total_mom,z252_slope_30y5y,lvl_yh_gold,lvl_usdkrw ..."
ktb_3y,L4W_F4W_R63d_T10bp_S0.0,80,"z60_ktb_5y,d20_sp_indfin_1y,slope_10y3y,d60_cd_91d,ret20_jpykrw,d20_yh_gold,d5_us_spr_5_30,d20_ktb_3y,z60_us_ffr,ktb3y_base_spread,z60_ktb_1y,z60_sp_indfin_1y,lvl_eurkrw,ret20_kospi,kr_price_ppi_total_mom,kr_sent_csi_total_mom,lvl_wti,z252_slope_30y5y,d20_us_30y,d5_us_bei_10y,z60_kospi,z252_cd_base_spread,lvl_us_30y,d5_slope_10y3y,z60_us_spr_10_30 ..."
ktb_5y,L4W_F4W_R63d_T10bp_S0.0,80,"z60_cd_base_spread,d20_ktb_1y,d60_slope_10y3y,z60_eurkrw,slope_10y3y,d20_sp_kepco_5y,lvl_us_ig_oas_xl,z60_sp_corp_bbb_3y,z60_brent,d20_yh_gold,fgn_kospi_cum20,d20_ktb_5y,z60_vol_kospi,usdkrw_range,d20_sp_corp_aa_3y,d5_us_10y2y,kr_price_cpi_total_mom,sp_corp_aa_3y,z60_us_10y3m,d20_us_ig_oas_xl,ret20_usdkrw,z60_usdkrw,z60_jpykrw,ret20_kospi,d5_bfly_3_5_10 ..."
spread_aa_3y,L4W_F4W_R63d_T10bp_S0.0,285,"lvl_ktb_1y,lvl_ktb_3y,lvl_ktb_5y,lvl_ktb_10y,lvl_ktb_20y,lvl_ktb_30y,lvl_cd_91d,slope_10y2y,slope_30y10y,slope_30y5y,slope_10y3y,bfly_3_5_10,ktb3y_base_spread,cd_base_spread,d5_ktb_1y,d20_ktb_1y,d60_ktb_1y,z20_ktb_1y,z60_ktb_1y,z252_ktb_1y,d5_ktb_3y,d20_ktb_3y,d60_ktb_3y,z20_ktb_3y,z60_ktb_3y ..."
spread_bbb_3y,L4W_F4W_R63d_T10bp_S0.0,285,"lvl_ktb_1y,lvl_ktb_3y,lvl_ktb_5y,lvl_ktb_10y,lvl_ktb_20y,lvl_ktb_30y,lvl_cd_91d,slope_10y2y,slope_30y10y,slope_30y5y,slope_10y3y,bfly_3_5_10,ktb3y_base_spread,cd_base_spread,d5_ktb_1y,d20_ktb_1y,d60_ktb_1y,z20_ktb_1y,z60_ktb_1y,z252_ktb_1y,d5_ktb_3y,d20_ktb_3y,d60_ktb_3y,z20_ktb_3y,z60_ktb_3y ..."
spread_ktb_10_30,L4W_F4W_R63d_T10bp_S0.0,285,"lvl_ktb_1y,lvl_ktb_3y,lvl_ktb_5y,lvl_ktb_10y,lvl_ktb_20y,lvl_ktb_30y,lvl_cd_91d,slope_10y2y,slope_30y10y,slope_30y5y,slope_10y3y,bfly_3_5_10,ktb3y_base_spread,cd_base_spread,d5_ktb_1y,d20_ktb_1y,d60_ktb_1y,z20_ktb_1y,z60_ktb_1y,z252_ktb_1y,d5_ktb_3y,d20_ktb_3y,d60_ktb_3y,z20_ktb_3y,z60_ktb_3y ..."
spread_ktb_3_10,L4W_F4W_R63d_T10bp_S0.0,80,"d60_slope_10y3y,ret20_kospi,d20_slope_10y3y,z60_kospi,z60_us_ffr,fgn_kospi_cum20,d20_usdkrw_range,z252_ktb_3y,d60_ktb_20y,z252_ktb_20y,z60_slope_10y3y,z60_us_ig_oas_xl,z252_cd_base_spread,z60_us_spr_10_30,d60_ktb_1y,d20_ktb_3y,vol20_ktb_3y,vol20_ktb_10y,z60_us_spr_2_10,d20_sp_corp_bbb_3y,z252_cd_91d,d60_cd_base_spread,d20_ktb_10y,d5_slope_10y3y,d20_cd_base_spread ..."
spread_ktb_5_30,L4W_F4W_R63d_T10bp_S0.0,285,"lvl_ktb_1y,lvl_ktb_3y,lvl_ktb_5y,lvl_ktb_10y,lvl_ktb_20y,lvl_ktb_30y,lvl_cd_91d,slope_10y2y,slope_30y10y,slope_30y5y,slope_10y3y,bfly_3_5_10,ktb3y_base_spread,cd_base_spread,d5_ktb_1y,d20_ktb_1y,d60_ktb_1y,z20_ktb_1y,z60_ktb_1y,z252_ktb_1y,d5_ktb_3y,d20_ktb_3y,d60_ktb_3y,z20_ktb_3y,z60_ktb_3y ..."
us_10y_xl,L4W_F4W_R63d_T10bp_S0.0,80,"z60_sp_kepco_5y,kr_growth_ip_total_yoy,d60_slope_10y3y,z60_us_2y,lvl_us_5y,z60_us_5y,ret20_jpykrw,d60_cd_91d,sp_kepco_5y,vol20_kospi,d60_ktb_5y,z60_cd_91d,d20_us_ig_oas_xl,z252_cd_91d,d60_ktb3y_base_spread,z60_us_ffr,z60_cd_base_spread,z60_sp_corp_bbb_3y,d20_usdkrw_range,d20_bfly_3_5_10,sp_corp_bbb_3y,z60_sp_corp_aa_3y,vol20_ktb_5y,z60_us_10y3m,d20_dxy_broad ..."
us_ig_oas_xl,L4W_F4W_R63d_T10bp_S0.0,80,"lvl_wti,z60_cd_base_spread,usdkrw_range,ret20_jpykrw,z60_kospi,z60_sp_indfin_1y,lvl_usdkrw,bfly_3_5_10,d20_us_ig_oas_xl,z60_sp_corp_aa_3y,z252_cd_base_spread,z60_sp_corp_bbb_3y,ret20_eurkrw,kr_price_cpi_total_mom,z60_us_spr_5_30,d60_bfly_3_5_10,z60_yh_dxy,ret20_usdkrw,z60_eurkrw,d20_slope_10y3y,d20_tedrate,z252_us_spr_2_10,z60_us_ig_oas_xl,vol20_kospi,z60_vol_kospi ..."
us_spr_10_30,L4W_F4W_R63d_T10bp_S0.0,80,"z60_us_spr_10_30,z60_usdkrw,us_cpi_core_yoy,d20_us_spr_10_30,ret20_usdkrw,kr_sent_csi_total_lvl,lvl_us_ffr,d5_yh_dxy,z252_bfly_3_5_10,z60_us_spr_5_30,fgn_kospi,slope_10y3y,d20_sp_corp_bbb_3y,ret1_eurkrw,z60_brent,d20_tedrate,vol20_kospi,d60_ktb_10y,vol20_ktb_10y,lvl_us_bei_5y5y,kr_price_imp_price_mom,d20_us_spr_5_30,vol20_ktb_5y,kr_price_cpi_total_mom,d20_slope_10y3y ..."
us_spr_2_10,L4W_F4W_R63d_T10bp_S0.0,80,"ret20_kospi,d20_usdkrw_range,d20_brent,kr_growth_ip_total_yoy,z60_sp_corp_bbb_3y,d60_cd_91d,d20_sp_corp_aa_3y,z252_ktb_10y,z60_us_ig_oas_xl,lvl_wti,z252_cd_91d,z60_yh_gold,z252_us_spr_2_10,z60_kospi,d20_ktb_10y,sp_kepco_5y,z252_us_spr_10_30,kr_growth_ip_total_mom,lvl_usdkrw,z252_slope_10y3y,d60_bfly_3_5_10,z60_sp_kepco_5y,z60_bfly_3_5_10,d20_ktb_5y,d60_slope_10y3y ..."
us_spr_5_30,L4W_F4W_R63d_T10bp_S0.0,80,"z252_us_spr_5_30,kr_growth_ip_total_yoy,d20_sp_kepco_5y,z60_sp_corp_bbb_3y,z60_yh_gold,lvl_wti,kr_price_ppi_total_mom,bfly_3_5_10,z60_us_2y,z60_kospi,kr_sent_csi_total_lvl,sp_kepco_5y,ret20_kospi,z60_us_bei_5y5y,us_pce_core_yoy,d60_ktb_1y,z60_cd_base_spread,z60_sp500,vol20_kospi,d5_ktb_1y,d20_ktb_1y,vol20_ktb_10y,z60_sp_indfin_1y,d20_usdkrw_range,z252_ktb_10y ..."
ktb_10y,L8W_F2W_R63d_T0bp_S0.0,80,"vol20_kospi,d20_bfly_3_5_10,z252_ktb_10y,d20_usdkrw_range,z60_sp_kepco_5y,z60_yh_gold,d60_slope_10y3y,z60_cd_base_spread,d20_sp_kepco_5y,d20_slope_10y3y,d20_sp_indfin_1y,z60_us_ffr,ret20_jpykrw,z60_ktb_1y,z60_sp500,z60_us_ig_oas_xl,z252_ktb_20y,z60_us_spr_2_10,z252_cd_91d,z60_cd_91d,z252_cd_base_spread,z60_sp_indfin_1y,ret20_usdkrw,d20_ktb_20y,vol20_ktb_3y ..."
ktb_30y,L8W_F2W_R63d_T0bp_S0.0,80,"kr_sent_csi_total_lvl,z60_us_ffr,z252_cd_91d,lvl_us_real_10y,z60_us_ig_oas_xl,d60_ktb_20y,z60_ktb_30y,vol20_kospi,d20_brent,d60_ktb_10y,d20_cd_91d,z60_tedrate,z60_slope_10y3y,z252_us_spr_10_30,us_indpro_yoy,d20_usdkrw_range,z252_cd_base_spread,lvl_vixcls,d60_ktb_5y,d20_yh_gold,ret20_usdkrw,us_indpro_lvl,d5_ktb_20y,lvl_eurkrw,d60_bfly_3_5_10 ..."
ktb_3y,L8W_F2W_R63d_T0bp_S0.0,80,"d60_ktb3y_base_spread,d20_vixcls,d20_slope_10y3y,z60_cd_base_spread,vol20_kospi,z60_jpykrw,z60_sp_kepco_5y,d20_brent,z60_slope_30y10y,d20_sp_kepco_5y,vol20_ktb_10y,z60_sp_corp_bbb_3y,lvl_us_spr_5_30,z60_tedrate,z252_ktb_1y,z60_slope_10y3y,z60_us_bei_10y,z60_sp500,z60_ktb_1y,vol20_ktb_3y,z60_usdkrw,d60_ktb_1y,z252_cd_base_spread,d20_us_real_10y,z252_cd_91d ..."
ktb_5y,L8W_F2W_R63d_T0bp_S0.0,80,"z60_ktb_1y,z60_yh_gold,d60_ktb_5y,d60_bfly_3_5_10,z60_ktb_5y,d60_ktb_10y,z60_tedrate,ret20_usdkrw,d20_yh_dxy,d20_yh_gold,z60_yh_dxy,d60_ktb_3y,z60_cd_91d,z60_us_ig_oas_xl,d20_us_real_10y,z60_sp_indfin_1y,z60_dxy_broad,z60_cd_base_spread,z60_slope_10y3y,z60_vol_kospi,z60_ktb_10y,z252_ktb_10y,d60_ktb3y_base_spread,z252_cd_base_spread,z252_us_spr_5_30 ..."
spread_aa_3y,L8W_F2W_R63d_T0bp_S0.0,80,"z60_sp_indfin_1y,z60_sp_corp_aa_3y,d20_sp_kepco_5y,lvl_usdkrw,vol20_ktb_3y,kr_sent_csi_total_mom,z60_sp_corp_bbb_3y,z252_ktb_20y,lvl_us_2y,z60_tedrate,fgn_kospi_cum20,z60_kospi,d20_us_real_10y,z60_brent,z60_cd_base_spread,z60_ktb_1y,d5_yh_gold,z60_eurkrw,vol20_ktb_10y,z60_us_spr_5_30,z60_us_ig_oas_xl,vol20_kospi,d20_sp_corp_aa_3y,z60_yh_gold,z252_cd_91d ..."
spread_bbb_3y,L8W_F2W_R63d_T0bp_S0.0,80,"z60_us_ig_oas_xl,vol20_kospi,lvl_yh_dxy,d20_slope_10y3y,us_indpro_lvl,d20_yh_gold,sp_kepco_5y,z60_sp_kepco_5y,fgn_kospi,z60_sp_corp_bbb_3y,lvl_jpykrw,lvl_yh_gold,z60_dxy_broad,vol20_ktb_3y,z60_yh_gold,lvl_brent,fgn_kospi_cum20,lvl_dxy_broad,ret20_kospi,d20_sp_indfin_1y,z60_yh_dxy,d20_us_30y,z60_sp_corp_aa_3y,z60_brent,d20_us_ig_oas_xl ..."
spread_kepco_5y,L8W_F2W_R63d_T0bp_S0.0,80,"vol20_kospi,d20_sp_corp_aa_3y,d20_sp_kepco_5y,z60_sp_corp_aa_3y,z60_us_spr_5_30,z60_us_ig_oas_xl,z60_brent,bfly_3_5_10,d60_ktb_5y,ret20_usdkrw,d5_us_spr_5_30,d20_slope_10y3y,z60_sp_indfin_1y,z60_us_ffr,d20_brent,z60_cd_base_spread,fgn_kospi_cum20,d20_bfly_3_5_10,d20_tedrate,d20_yh_gold,sp_kepco_5y,z60_tedrate,lvl_yh_gold,vol20_ktb_5y,ret20_jpykrw ..."
spread_ktb_10_30,L8W_F2W_R63d_T0bp_S0.0,80,"z60_slope_30y10y,z60_us_ffr,d60_slope_30y5y,d20_yh_gold,z60_ktb3y_base_spread,z252_cd_base_spread,d20_sp_indfin_1y,z252_cd_91d,z252_slope_30y5y,d20_usdkrw_range,d60_bfly_3_5_10,d5_us_spr_5_30,d5_slope_30y5y,z60_sp_corp_bbb_3y,d20_brent,vol20_ktb_10y,vol20_kospi,kr_growth_ip_total_yoy,d5_us_spr_2_10,z60_eurkrw,lvl_yh_dxy,z60_cd_base_spread,z252_us_spr_5_30,d60_slope_30y10y,lvl_yh_gold ..."
spread_ktb_3_10,L8W_F2W_R63d_T0bp_S0.0,80,"z60_sp_corp_bbb_3y,z60_sp_kepco_5y,d60_slope_10y3y,d20_us_ig_oas_xl,d20_sp_indfin_1y,z252_us_spr_10_30,d60_bfly_3_5_10,z60_cd_91d,vol20_ktb_3y,d20_sp_corp_aa_3y,z60_us_ffr,z60_us_ig_oas_xl,d20_slope_10y3y,d20_vixcls,d20_slope_30y5y,z60_sp_corp_aa_3y,z60_ktb_1y,d60_ktb_30y,z60_yh_gold,lvl_usdkrw,z60_sp_indfin_1y,d20_usdkrw_range,z60_vol_kospi,ktb3y_base_spread,vol20_kospi ..."
spread_ktb_5_30,L8W_F2W_R63d_T0bp_S0.0,285,"lvl_ktb_1y,lvl_ktb_3y,lvl_ktb_5y,lvl_ktb_10y,lvl_ktb_20y,lvl_ktb_30y,lvl_cd_91d,slope_10y2y,slope_30y10y,slope_30y5y,slope_10y3y,bfly_3_5_10,ktb3y_base_spread,cd_base_spread,d5_ktb_1y,d20_ktb_1y,d60_ktb_1y,z20_ktb_1y,z60_ktb_1y,z252_ktb_1y,d5_ktb_3y,d20_ktb_3y,d60_ktb_3y,z20_ktb_3y,z60_ktb_3y ..."
us_10y_xl,L8W_F2W_R63d_T0bp_S0.0,80,"d20_sp_kepco_5y,z252_cd_91d,d5_yh_gold,lvl_usdkrw,z60_cd_base_spread,vol20_ktb_3y,vol20_ktb_5y,ret20_usdkrw,z60_eurkrw,vol20_ktb_10y,z252_slope_10y3y,d5_brent,z60_sp_corp_bbb_3y,z60_sp_kepco_5y,z60_wti,z60_kospi,d20_ktb3y_base_spread,z252_cd_base_spread,z60_dxy_broad,z60_cd_91d,z60_tedrate,lvl_yh_dxy,vol20_kospi,d60_bfly_3_5_10,z60_sp_corp_aa_3y ..."
us_ig_oas_xl,L8W_F2W_R63d_T0bp_S0.0,80,"lvl_us_ig_oas_xl,d20_sp_indfin_1y,z60_dxy_broad,ret20_kospi,d5_us_spr_10_30,d60_ktb3y_base_spread,z60_eurkrw,z60_sp_indfin_1y,z252_bfly_3_5_10,z60_sp_corp_aa_3y,z60_sp_kepco_5y,z60_us_bei_10y,z60_kospi,d5_brent,z252_us_spr_5_30,z60_sp_corp_bbb_3y,z60_brent,d20_us_ig_oas_xl,ret20_jpykrw,z60_cd_91d,d20_us_spr_5_30,vol20_ktb_3y,ret20_eurkrw,z60_yh_gold,d60_bfly_3_5_10 ..."
us_spr_10_30,L8W_F2W_R63d_T0bp_S0.0,80,"z60_cd_base_spread,fgn_kospi_cum20,z60_cd_91d,ret20_kospi,ret20_usdkrw,z60_tedrate,d20_yh_gold,z252_cd_91d,z60_sp500,d20_usdkrw_range,z60_sp_indfin_1y,d20_us_bei_5y5y,z60_brent,vol20_kospi,z252_cd_base_spread,d20_wti,d20_vixcls,d20_cd_base_spread,z60_us_ffr,lvl_yh_gold,z60_sp_corp_aa_3y,z60_slope_30y10y,z60_sp_kepco_5y,z60_yh_dxy,z60_slope_10y3y ..."
us_spr_2_10,L8W_F2W_R63d_T0bp_S0.0,80,"vol20_ktb_3y,z60_us_ig_oas_xl,d5_brent,z60_cd_base_spread,z60_sp_indfin_1y,z60_us_bei_10y,z60_sp_kepco_5y,d20_sp_corp_aa_3y,z60_wti,lvl_wti,z60_us_30y,us_ism_mfg_lvl,lvl_usdkrw,d20_usdkrw_range,d20_sp_corp_bbb_3y,bfly_3_5_10,z252_bfly_3_5_10,z60_us_10y_xl,vol20_kospi,kr_sent_csi_total_mom,lvl_yh_gold,ret20_jpykrw,z60_ktb_1y,vol20_ktb_10y,sp_kepco_5y ..."
us_spr_5_30,L8W_F2W_R63d_T0bp_S0.0,80,"kr_growth_ip_total_yoy,z60_us_spr_10_30,lvl_vixcls,z60_sp_indfin_1y,z252_us_spr_10_30,z60_cd_base_spread,fgn_kospi_cum20,z60_us_spr_5_30,d20_vixcls,z60_kospi,vol20_kospi,vol20_ktb_5y,ret20_kospi,z60_ktb_1y,z60_us_ig_oas_xl,d5_yh_gold,d20_sp_corp_bbb_3y,d20_sp_indfin_1y,z60_us_bei_5y5y,z60_tedrate,d20_usdkrw_range,d5_bfly_3_5_10,d60_bfly_3_5_10,d5_dxy_broad,us_ism_mfg_yoy ..."
ktb_10y,L8W_F2W_R63d_T10bp_S0.0,80,"d60_ktb_10y,d20_bfly_3_5_10,vol20_ktb_5y,d20_sp_indfin_1y,z60_ktb3y_base_spread,z60_sp_kepco_5y,kr_sent_csi_total_lvl,d60_slope_30y10y,z252_slope_10y3y,d5_yh_dxy,z60_kospi,vol20_ktb_10y,z60_ktb_1y,z60_us_10y3m,d5_dxy_broad,vol20_kospi,fgn_kospi_cum20,z60_cd_base_spread,z60_sp_indfin_1y,z252_ktb3y_base_spread,d5_us_spr_5_30,d5_slope_10y3y,z60_us_ffr,z60_us_bei_10y,ret20_jpykrw ..."
ktb_30y,L8W_F2W_R63d_T10bp_S0.0,80,"z60_us_ffr,d5_yh_gold,lvl_us_real_10y,ret20_usdkrw,z60_kospi,z60_ktb_10y,d60_bfly_3_5_10,usdkrw_range,d5_slope_10y3y,lvl_ktb_5y,z252_slope_10y3y,d20_usdkrw_range,z60_us_bei_10y,d5_vixcls,z252_us_spr_10_30,z60_cd_91d,d20_yh_dxy,z252_cd_91d,z60_slope_10y3y,d5_bfly_3_5_10,kr_sent_csi_total_yoy,lvl_us_5y,ret20_kospi,d20_ktb_1y,d20_bfly_3_5_10 ..."
ktb_3y,L8W_F2W_R63d_T10bp_S0.0,80,"z60_cd_base_spread,z60_sp_kepco_5y,d20_vixcls,d20_brent,z60_us_ffr,lvl_us_bei_5y5y,vol20_ktb_3y,d60_ktb_30y,z252_bfly_3_5_10,z60_slope_10y3y,d20_slope_10y3y,z60_sp_corp_aa_3y,lvl_usdkrw,ret20_eurkrw,z60_wti,z60_eurkrw,lvl_ktb_5y,z60_us_ig_oas_xl,vol20_ktb_10y,z60_usdkrw,z60_ktb_1y,lvl_us_spr_5_30,d20_us_ig_oas_xl,z252_cd_91d,z252_slope_10y3y ..."
ktb_5y,L8W_F2W_R63d_T10bp_S0.0,80,"z60_ktb_10y,z60_usdkrw,z252_ktb_10y,vol20_ktb_10y,d60_ktb_5y,lvl_us_ffr,fgn_kospi_cum20,d60_ktb_3y,z60_sp_corp_aa_3y,ret20_usdkrw,z252_us_spr_10_30,z60_ktb_1y,z60_ktb_5y,d20_us_ig_oas_xl,z60_vol_kospi,kr_sent_csi_total_lvl,d60_ktb_20y,z60_dxy_broad,d5_yh_dxy,d60_ktb_10y,d60_ktb3y_base_spread,d5_us_10y3m,us_indpro_yoy,d5_us_spr_5_30,z60_us_ig_oas_xl ..."
spread_ktb_3_10,L8W_F2W_R63d_T10bp_S0.0,285,"lvl_ktb_1y,lvl_ktb_3y,lvl_ktb_5y,lvl_ktb_10y,lvl_ktb_20y,lvl_ktb_30y,lvl_cd_91d,slope_10y2y,slope_30y10y,slope_30y5y,slope_10y3y,bfly_3_5_10,ktb3y_base_spread,cd_base_spread,d5_ktb_1y,d20_ktb_1y,d60_ktb_1y,z20_ktb_1y,z60_ktb_1y,z252_ktb_1y,d5_ktb_3y,d20_ktb_3y,d60_ktb_3y,z20_ktb_3y,z60_ktb_3y ..."
spread_ktb_5_30,L8W_F2W_R63d_T10bp_S0.0,285,"lvl_ktb_1y,lvl_ktb_3y,lvl_ktb_5y,lvl_ktb_10y,lvl_ktb_20y,lvl_ktb_30y,lvl_cd_91d,slope_10y2y,slope_30y10y,slope_30y5y,slope_10y3y,bfly_3_5_10,ktb3y_base_spread,cd_base_spread,d5_ktb_1y,d20_ktb_1y,d60_ktb_1y,z20_ktb_1y,z60_ktb_1y,z252_ktb_1y,d5_ktb_3y,d20_ktb_3y,d60_ktb_3y,z20_ktb_3y,z60_ktb_3y ..."
us_10y_xl,L8W_F2W_R63d_T10bp_S0.0,80,"lvl_usdkrw,d5_yh_gold,z60_cd_base_spread,vol20_ktb_3y,d20_sp_kepco_5y,z60_sp_corp_aa_3y,vol20_kospi,z60_tedrate,z252_cd_base_spread,vol20_ktb_10y,d20_bfly_3_5_10,z252_cd_91d,z252_bfly_3_5_10,d5_us_spr_2_10,d20_yh_gold,d20_sp_indfin_1y,z60_us_bei_10y,z60_sp_indfin_1y,z60_wti,kr_growth_cli_lead_mom,z252_ktb_1y,z252_slope_10y3y,z60_sp_kepco_5y,kr_price_imp_price_mom,d20_us_spr_5_30 ..."
us_ig_oas_xl,L8W_F2W_R63d_T10bp_S0.0,80,"z60_cd_base_spread,z60_kospi,usdkrw_range,z60_yh_gold,d20_sp_indfin_1y,ret20_eurkrw,lvl_yh_gold,slope_10y3y,d20_dxy_broad,d5_us_spr_5_30,z60_cd_91d,d5_wti,lvl_brent,d5_us_spr_2_10,d5_yh_dxy,d5_slope_10y3y,vol20_ktb_10y,z60_us_spr_5_30,d20_usdkrw_range,z60_ktb_1y,d5_bfly_3_5_10,z60_us_ffr,d20_wti,d60_ktb_20y,z60_us_2y ..."
us_spr_10_30,L8W_F2W_R63d_T10bp_S0.0,285,"lvl_ktb_1y,lvl_ktb_3y,lvl_ktb_5y,lvl_ktb_10y,lvl_ktb_20y,lvl_ktb_30y,lvl_cd_91d,slope_10y2y,slope_30y10y,slope_30y5y,slope_10y3y,bfly_3_5_10,ktb3y_base_spread,cd_base_spread,d5_ktb_1y,d20_ktb_1y,d60_ktb_1y,z20_ktb_1y,z60_ktb_1y,z252_ktb_1y,d5_ktb_3y,d20_ktb_3y,d60_ktb_3y,z20_ktb_3y,z60_ktb_3y ..."
us_spr_2_10,L8W_F2W_R63d_T10bp_S0.0,80,"z60_usdkrw,vol20_ktb_3y,z60_us_ig_oas_xl,z60_sp_indfin_1y,d20_us_ffr,vol20_kospi,d60_bfly_3_5_10,d5_brent,kr_sent_csi_total_mom,d20_usdkrw_range,fgn_kospi_z60,ret20_eurkrw,bfly_3_5_10,sp_corp_bbb_3y,z60_wti,z252_ktb3y_base_spread,z60_vol_kospi,z252_us_spr_5_30,kr_price_imp_price_mom,z252_slope_30y5y,d20_wti,ret1_sp500,d20_sp_corp_aa_3y,z60_yh_gold,lvl_jpykrw ..."
us_spr_5_30,L8W_F2W_R63d_T10bp_S0.0,80,"z60_cd_base_spread,d5_dxy_broad,vol20_ktb_5y,z60_sp_kepco_5y,d20_ktb_1y,z60_us_bei_5y5y,z60_sp_corp_aa_3y,d20_sp_corp_bbb_3y,ret20_kospi,vol20_kospi,z60_tedrate,z60_us_2y,d20_us_spr_5_30,z60_us_spr_10_30,z252_cd_base_spread,vol20_ktb_3y,d20_sp_indfin_1y,z60_sp_indfin_1y,fgn_kospi_cum20,z252_slope_10y3y,d5_vixcls,d5_slope_10y3y,d20_yh_dxy,d20_us_spr_2_10,d20_slope_10y3y ..."
ktb_10y,L8W_F4W_R63d_T0bp_S0.0,80,"vol20_kospi,d20_usdkrw_range,d20_sp_indfin_1y,ret20_jpykrw,z60_sp_kepco_5y,vol20_ktb_5y,z60_us_ffr,d20_yh_gold,z60_sp_indfin_1y,d60_slope_10y3y,z60_us_ig_oas_xl,d20_us_spr_10_30,fgn_kospi_cum20,d60_bfly_3_5_10,d60_ktb_1y,sp_kepco_5y,d20_sp_corp_bbb_3y,z60_us_spr_10_30,d20_us_ig_oas_xl,z60_ktb_1y,z60_cd_base_spread,z60_bfly_3_5_10,ret20_kospi,z60_brent,z60_usdkrw ..."
ktb_30y,L8W_F4W_R63d_T0bp_S0.0,80,"z60_us_ffr,z60_us_ig_oas_xl,kr_growth_ip_total_mom,us_indpro_lvl,d60_slope_30y10y,z60_sp_corp_bbb_3y,z60_sp500,z60_cd_base_spread,d20_sp_corp_bbb_3y,kr_price_ppi_total_mom,z60_jpykrw,z252_us_spr_10_30,ret20_usdkrw,vol20_ktb_3y,d20_yh_dxy,lvl_tedrate,us_cpi_core_yoy,slope_10y3y,d60_bfly_3_5_10,sp_kepco_5y,d60_ktb_3y,z252_cd_base_spread,lvl_us_real_10y,kr_sent_csi_total_yoy,vol20_kospi ..."
ktb_3y,L8W_F4W_R63d_T0bp_S0.0,80,"d20_usdkrw_range,ret20_kospi,kr_sent_csi_total_mom,z60_jpykrw,z60_cd_base_spread,z60_sp_corp_bbb_3y,z60_tedrate,z60_sp500,vol20_ktb_3y,z60_sp_indfin_1y,z60_slope_10y3y,d60_ktb3y_base_spread,d20_sp_indfin_1y,z60_kospi,d60_bfly_3_5_10,d5_vixcls,sp_kepco_5y,slope_30y5y,sp_indfin_1y,z60_us_ffr,z60_yh_dxy,z60_bfly_3_5_10,z252_ktb3y_base_spread,z60_sp_kepco_5y,lvl_usdkrw ..."
ktb_5y,L8W_F4W_R63d_T0bp_S0.0,80,"z60_ktb_5y,ret20_usdkrw,d20_yh_gold,kr_sent_csi_total_mom,z60_tedrate,d60_bfly_3_5_10,z252_cd_base_spread,us_indpro_lvl,d60_ktb_5y,z60_bfly_3_5_10,z60_yh_gold,d20_usdkrw_range,z60_cd_91d,z60_ktb_1y,z60_sp_corp_bbb_3y,kr_price_ppi_total_mom,z60_sp_indfin_1y,z252_us_spr_2_10,fgn_kospi_cum20,z60_ktb_10y,sp_kepco_5y,d60_ktb3y_base_spread,lvl_us_10y3m,z252_ktb_1y,z60_us_ffr ..."
spread_aa_3y,L8W_F4W_R63d_T0bp_S0.0,80,"z60_sp_corp_aa_3y,fgn_kospi_cum20,z60_sp_corp_bbb_3y,d20_usdkrw_range,d20_yh_gold,kr_sent_csi_total_mom,z60_eurkrw,vol20_ktb_3y,z60_sp_indfin_1y,z60_wti,z252_cd_base_spread,lvl_us_ig_oas_xl,sp_indfin_1y,lvl_yh_gold,d20_sp_corp_aa_3y,z252_cd_91d,d5_yh_gold,vol20_ktb_10y,lvl_cd_91d,lvl_us_2y,z60_yh_gold,z252_ktb_20y,lvl_usdkrw,z252_us_spr_10_30,vol20_kospi ..."
spread_bbb_3y,L8W_F4W_R63d_T0bp_S0.0,80,"z60_sp_corp_bbb_3y,d60_ktb3y_base_spread,d20_us_ig_oas_xl,lvl_us_real_10y,sp_corp_aa_3y,us_indpro_lvl,vol20_kospi,z60_cd_base_spread,z60_us_ig_oas_xl,lvl_dxy_broad,z60_sp500,d20_yh_gold,d20_sp_corp_bbb_3y,lvl_jpykrw,lvl_wti,z60_us_2y,z60_vixcls,lvl_tedrate,lvl_yh_gold,cd_base_spread,lvl_yh_sp500,kr_growth_ip_total_lvl,d20_sp_kepco_5y,z60_us_ffr,d60_ktb_10y ..."
spread_kepco_5y,L8W_F4W_R63d_T0bp_S0.0,80,"d60_ktb_3y,z60_sp_corp_aa_3y,z60_us_ig_oas_xl,z60_sp_indfin_1y,z252_us_spr_2_10,d60_ktb_5y,z60_sp_corp_bbb_3y,bfly_3_5_10,d20_sp_kepco_5y,z252_bfly_3_5_10,sp_kepco_5y,z60_kospi,z60_cd_base_spread,z60_wti,fgn_kospi_cum20,z60_tedrate,d20_usdkrw_range,sp_indfin_1y,z60_yh_gold,kr_sent_csi_total_lvl,vol20_ktb_10y,z60_us_ffr,z60_brent,d20_sp_corp_aa_3y,d20_sp_indfin_1y ..."
spread_ktb_10_30,L8W_F4W_R63d_T0bp_S0.0,80,"z60_slope_30y10y,d60_slope_30y10y,z252_cd_91d,d20_usdkrw_range,z60_brent,z60_slope_10y3y,z60_cd_base_spread,z252_slope_10y3y,kr_price_imp_price_mom,d60_bfly_3_5_10,kr_price_ppi_total_mom,z60_cd_91d,z60_us_spr_10_30,z252_slope_30y5y,z252_cd_base_spread,z60_us_ffr,ret20_kospi,z60_kospi,d20_slope_10y3y,d20_brent,z252_slope_30y10y,z60_tedrate,d5_ktb_1y,z60_ktb_1y,d20_slope_30y5y ..."
spread_ktb_3_10,L8W_F4W_R63d_T0bp_S0.0,80,"z60_sp_kepco_5y,d60_ktb_30y,z60_us_ffr,z252_cd_base_spread,z60_sp_corp_bbb_3y,d20_sp_corp_aa_3y,d20_sp_corp_bbb_3y,ret20_kospi,d60_slope_10y3y,d60_bfly_3_5_10,fgn_kospi_cum20,lvl_usdkrw,vol20_ktb_10y,d20_dxy_broad,z60_dxy_broad,z252_us_spr_10_30,z252_slope_30y5y,vol20_ktb_5y,z60_us_bei_5y5y,us_unrate_yoy,d20_slope_10y3y,lvl_us_ig_oas_xl,d60_ktb_20y,vol20_ktb_3y,kr_price_imp_price_lvl ..."
spread_ktb_5_30,L8W_F4W_R63d_T0bp_S0.0,285,"lvl_ktb_1y,lvl_ktb_3y,lvl_ktb_5y,lvl_ktb_10y,lvl_ktb_20y,lvl_ktb_30y,lvl_cd_91d,slope_10y2y,slope_30y10y,slope_30y5y,slope_10y3y,bfly_3_5_10,ktb3y_base_spread,cd_base_spread,d5_ktb_1y,d20_ktb_1y,d60_ktb_1y,z20_ktb_1y,z60_ktb_1y,z252_ktb_1y,d5_ktb_3y,d20_ktb_3y,d60_ktb_3y,z20_ktb_3y,z60_ktb_3y ..."
us_10y_xl,L8W_F4W_R63d_T0bp_S0.0,80,"lvl_usdkrw,z60_sp_corp_bbb_3y,z60_sp_indfin_1y,z252_cd_base_spread,z60_sp_corp_aa_3y,lvl_brent,d20_dxy_broad,vol20_ktb_3y,sp_kepco_5y,d20_sp_indfin_1y,vol20_ktb_10y,z60_us_bei_10y,z60_cd_91d,ret20_eurkrw,fgn_kospi_cum20,z252_us_spr_10_30,d20_sp_corp_aa_3y,d20_usdkrw_range,z252_us_spr_2_10,d20_yh_dxy,lvl_wti,lvl_us_spr_10_30,d60_cd_91d,vol20_ktb_5y,z60_sp_kepco_5y ..."
us_ig_oas_xl,L8W_F4W_R63d_T0bp_S0.0,80,"z252_cd_base_spread,ret20_kospi,lvl_us_ig_oas_xl,fgn_kospi_cum20,z60_tedrate,z60_sp_kepco_5y,vol20_ktb_3y,vol20_ktb_10y,ret20_jpykrw,d20_usdkrw_range,d20_dxy_broad,z60_cd_base_spread,sp_corp_bbb_3y,z60_yh_gold,d20_brent,z60_dxy_broad,z252_us_spr_5_30,lvl_yh_dxy,d60_slope_30y10y,kr_price_cpi_total_lvl,d20_us_spr_5_30,z252_us_spr_10_30,d60_slope_10y3y,z60_sp_corp_bbb_3y,z60_us_bei_10y ..."
us_spr_10_30,L8W_F4W_R63d_T0bp_S0.0,80,"z252_cd_91d,vol20_kospi,z60_sp500,d20_yh_gold,z60_sp_corp_aa_3y,z252_cd_base_spread,z60_cd_91d,z60_eurkrw,z60_usdkrw,z60_us_spr_5_30,z252_us_spr_10_30,z60_sp_indfin_1y,z60_yh_gold,fgn_kospi_cum20,d20_dxy_broad,z60_cd_base_spread,z60_us_ig_oas_xl,vol20_ktb_10y,z60_us_ffr,d20_usdkrw_range,z60_wti,lvl_yh_gold,ret20_kospi,kr_price_cpi_total_mom,kr_price_imp_price_mom ..."
us_spr_2_10,L8W_F4W_R63d_T0bp_S0.0,80,"z60_sp_corp_bbb_3y,sp_kepco_5y,z60_sp_indfin_1y,lvl_us_ig_oas_xl,d60_slope_10y3y,us_ism_mfg_lvl,vol20_kospi,d20_usdkrw_range,z60_sp500,kr_sent_csi_total_yoy,lvl_usdkrw,z252_cd_91d,vol20_ktb_10y,d20_yh_dxy,d20_dxy_broad,d20_us_spr_5_30,d20_us_real_10y,lvl_us_spr_10_30,z60_jpykrw,vol20_ktb_5y,z60_sp_kepco_5y,z60_us_real_10y,lvl_brent,d20_slope_30y5y,z252_us_spr_5_30 ..."
us_spr_5_30,L8W_F4W_R63d_T0bp_S0.0,80,"ret20_kospi,z60_us_bei_10y,z60_us_spr_5_30,z60_us_spr_10_30,z60_cd_base_spread,fgn_kospi_cum20,z60_sp500,z60_sp_corp_aa_3y,z60_us_real_10y,z60_us_ig_oas_xl,z60_eurkrw,z252_ktb_5y,d20_yh_dxy,z252_cd_91d,z252_bfly_3_5_10,vol20_kospi,z252_cd_base_spread,z60_sp_corp_bbb_3y,z60_sp_indfin_1y,sp_indfin_1y,z252_us_spr_5_30,z252_slope_10y3y,lvl_us_spr_10_30,z252_us_spr_10_30,z60_sp_kepco_5y ..."
ktb_10y,L8W_F4W_R63d_T10bp_S0.0,80,"d60_ktb_10y,d20_usdkrw_range,vol20_ktb_5y,z60_sp_kepco_5y,d20_sp_indfin_1y,fgn_kospi_cum20,d20_us_spr_5_30,z60_yh_gold,z60_brent,z60_usdkrw,z60_jpykrw,d20_us_ig_oas_xl,sp_kepco_5y,z60_us_spr_10_30,vol20_ktb_10y,lvl_cd_91d,z60_us_bei_10y,d60_ktb_3y,z252_ktb3y_base_spread,d60_bfly_3_5_10,z60_ktb3y_base_spread,ret20_jpykrw,kr_sent_csi_total_lvl,lvl_us_ig_oas_xl,ret20_kospi ..."
ktb_30y,L8W_F4W_R63d_T10bp_S0.0,80,"z60_us_ffr,us_indpro_lvl,z60_us_ig_oas_xl,z60_kospi,d20_sp_indfin_1y,kr_price_ppi_total_mom,lvl_us_real_10y,fgn_kospi_cum20,z60_jpykrw,kr_growth_ip_total_mom,kr_price_cpi_total_mom,z60_sp_corp_aa_3y,z60_slope_10y3y,ret20_usdkrw,slope_30y5y,d60_bfly_3_5_10,d20_ktb_5y,z60_yh_gold,d5_bfly_3_5_10,z60_sp_indfin_1y,z60_vixcls,z60_brent,d20_yh_dxy,d60_ktb3y_base_spread,d20_yh_gold ..."
ktb_3y,L8W_F4W_R63d_T10bp_S0.0,80,"z252_us_spr_2_10,vol20_ktb_3y,d20_us_ig_oas_xl,ret20_eurkrw,ret20_kospi,z60_tedrate,ret20_usdkrw,z252_slope_10y3y,z60_sp_corp_bbb_3y,z252_ktb_20y,z60_sp_indfin_1y,z252_cd_91d,z252_ktb3y_base_spread,z60_sp500,z60_yh_gold,z60_jpykrw,z60_ktb_1y,z60_us_2y,us_ism_mfg_yoy,d60_ktb_3y,lvl_wti,d5_ktb_1y,z60_ktb3y_base_spread,z60_ktb_3y,z60_slope_10y3y ..."
ktb_5y,L8W_F4W_R63d_T10bp_S0.0,80,"z60_ktb_5y,z60_tedrate,z60_ktb3y_base_spread,kr_sent_csi_total_mom,us_indpro_yoy,ret20_usdkrw,d60_bfly_3_5_10,z60_dxy_broad,lvl_us_spr_5_30,z60_ktb_1y,z60_usdkrw,z60_sp_corp_aa_3y,d20_yh_gold,z60_ktb_3y,kr_price_cpi_total_mom,z252_us_spr_2_10,kr_price_imp_price_mom,z60_bfly_3_5_10,vol20_ktb_10y,z60_sp_indfin_1y,lvl_us_ffr,lvl_vixcls,kr_growth_ip_total_yoy,z60_us_spr_5_30,slope_30y5y ..."
spread_aa_3y,L8W_F4W_R63d_T10bp_S0.0,285,"lvl_ktb_1y,lvl_ktb_3y,lvl_ktb_5y,lvl_ktb_10y,lvl_ktb_20y,lvl_ktb_30y,lvl_cd_91d,slope_10y2y,slope_30y10y,slope_30y5y,slope_10y3y,bfly_3_5_10,ktb3y_base_spread,cd_base_spread,d5_ktb_1y,d20_ktb_1y,d60_ktb_1y,z20_ktb_1y,z60_ktb_1y,z252_ktb_1y,d5_ktb_3y,d20_ktb_3y,d60_ktb_3y,z20_ktb_3y,z60_ktb_3y ..."
spread_bbb_3y,L8W_F4W_R63d_T10bp_S0.0,285,"lvl_ktb_1y,lvl_ktb_3y,lvl_ktb_5y,lvl_ktb_10y,lvl_ktb_20y,lvl_ktb_30y,lvl_cd_91d,slope_10y2y,slope_30y10y,slope_30y5y,slope_10y3y,bfly_3_5_10,ktb3y_base_spread,cd_base_spread,d5_ktb_1y,d20_ktb_1y,d60_ktb_1y,z20_ktb_1y,z60_ktb_1y,z252_ktb_1y,d5_ktb_3y,d20_ktb_3y,d60_ktb_3y,z20_ktb_3y,z60_ktb_3y ..."
spread_ktb_10_30,L8W_F4W_R63d_T10bp_S0.0,285,"lvl_ktb_1y,lvl_ktb_3y,lvl_ktb_5y,lvl_ktb_10y,lvl_ktb_20y,lvl_ktb_30y,lvl_cd_91d,slope_10y2y,slope_30y10y,slope_30y5y,slope_10y3y,bfly_3_5_10,ktb3y_base_spread,cd_base_spread,d5_ktb_1y,d20_ktb_1y,d60_ktb_1y,z20_ktb_1y,z60_ktb_1y,z252_ktb_1y,d5_ktb_3y,d20_ktb_3y,d60_ktb_3y,z20_ktb_3y,z60_ktb_3y ..."
spread_ktb_3_10,L8W_F4W_R63d_T10bp_S0.0,80,"z60_wti,vol20_ktb_5y,z60_us_bei_10y,kr_sent_csi_total_lvl,lvl_usdkrw,d60_slope_30y5y,z252_cd_base_spread,d20_bfly_3_5_10,z252_ktb3y_base_spread,d60_bfly_3_5_10,z60_sp_kepco_5y,d20_us_bei_10y,d5_yh_gold,sp_kepco_5y,z60_dxy_broad,lvl_us_ig_oas_xl,d20_dxy_broad,kr_growth_cli_lead_yoy,kr_price_ppi_total_lvl,z252_cd_91d,z252_slope_30y5y,z60_sp_corp_bbb_3y,lvl_ktb_30y,z60_cd_91d,z60_brent ..."
spread_ktb_5_30,L8W_F4W_R63d_T10bp_S0.0,285,"lvl_ktb_1y,lvl_ktb_3y,lvl_ktb_5y,lvl_ktb_10y,lvl_ktb_20y,lvl_ktb_30y,lvl_cd_91d,slope_10y2y,slope_30y10y,slope_30y5y,slope_10y3y,bfly_3_5_10,ktb3y_base_spread,cd_base_spread,d5_ktb_1y,d20_ktb_1y,d60_ktb_1y,z20_ktb_1y,z60_ktb_1y,z252_ktb_1y,d5_ktb_3y,d20_ktb_3y,d60_ktb_3y,z20_ktb_3y,z60_ktb_3y ..."
us_10y_xl,L8W_F4W_R63d_T10bp_S0.0,80,"lvl_usdkrw,d20_sp_corp_aa_3y,lvl_brent,d20_dxy_broad,z60_sp_indfin_1y,z60_sp_corp_aa_3y,lvl_us_spr_10_30,kr_price_imp_price_mom,z252_cd_base_spread,z60_kospi,z60_jpykrw,us_pce_core_yoy,d20_sp_indfin_1y,fgn_kospi_cum20,d60_cd_91d,z60_cd_91d,z60_us_bei_10y,z60_cd_base_spread,z60_sp_corp_bbb_3y,kr_growth_ip_total_mom,vol20_ktb_10y,z60_wti,vol20_ktb_5y,lvl_yh_dxy,vol20_kospi ..."
us_ig_oas_xl,L8W_F4W_R63d_T10bp_S0.0,80,"z60_cd_base_spread,z60_sp_kepco_5y,z60_yh_gold,z60_us_bei_5y5y,z252_us_spr_5_30,ret20_kospi,z60_us_spr_10_30,z252_us_spr_10_30,d20_us_ig_oas_xl,z60_jpykrw,d5_bfly_3_5_10,d20_brent,z60_cd_91d,lvl_us_bei_10y,z60_sp_indfin_1y,d20_dxy_broad,ret20_jpykrw,z252_cd_base_spread,vol20_ktb_10y,d20_slope_10y3y,d20_vixcls,d20_yh_gold,lvl_jpykrw,lvl_brent,z252_ktb3y_base_spread ..."
us_spr_10_30,L8W_F4W_R63d_T10bp_S0.0,80,"z252_us_spr_5_30,d60_cd_91d,lvl_usdkrw,ret20_jpykrw,z60_us_spr_10_30,z60_us_spr_5_30,z60_yh_dxy,d20_ktb_5y,d60_cd_base_spread,lvl_us_real_10y,z60_sp_indfin_1y,d20_yh_gold,d20_sp_indfin_1y,d20_us_2y,kr_growth_cli_lead_mom,z60_bfly_3_5_10,kr_price_ppi_total_lvl,kr_price_ppi_total_mom,lvl_ktb_10y,z60_ktb_3y,z60_ktb_20y,z60_us_real_10y,kr_growth_ip_total_mom,z252_ktb_20y,lvl_us_ffr ..."
us_spr_2_10,L8W_F4W_R63d_T10bp_S0.0,80,"sp_kepco_5y,z60_sp500,z60_jpykrw,z60_cd_91d,us_ism_mfg_lvl,d60_slope_10y3y,z252_us_spr_5_30,kr_sent_csi_total_yoy,kr_price_imp_price_mom,d20_brent,d20_sp_kepco_5y,kr_sent_csi_total_lvl,z252_cd_91d,z60_sp_corp_bbb_3y,d20_usdkrw_range,ret20_usdkrw,d5_yh_gold,z60_us_spr_2_10,d20_us_spr_5_30,z252_us_spr_10_30,z60_us_bei_10y,z60_us_real_10y,z60_us_ig_oas_xl,vol20_kospi,z252_bfly_3_5_10 ..."
us_spr_5_30,L8W_F4W_R63d_T10bp_S0.0,80,"z252_cd_base_spread,sp_indfin_1y,z60_us_bei_10y,z252_cd_91d,z60_cd_base_spread,kr_price_ppi_total_mom,z60_us_spr_10_30,d20_sp_corp_bbb_3y,z60_us_spr_5_30,z252_us_spr_5_30,vol20_kospi,bfly_3_5_10,z60_sp_indfin_1y,d20_wti,kr_sent_csi_total_lvl,sp_corp_bbb_3y,d20_dxy_broad,us_ism_mfg_yoy,z60_us_ffr,z60_us_bei_5y5y,z60_kospi,d20_sp_indfin_1y,z60_us_10y3m,d20_yh_dxy,lvl_us_ig_oas_xl ..."
